No.,text,label
1,老师全程用英语交流，有益于锻炼学生口语，用平板，比较方便,1
2,教师在时间把握上很好，教学目标明确，能通过重点句子和词语的解读帮助孩子理解课文。,1
3,让学生在学习文本时，体验人们之间的互相关怀和爱护，对学生的情感熏陶。,1
4,引导学生积极发言，能指导学生小组合作学习,1
5,课堂紧凑，老师素质高，学生常规好，课堂氛围非常浓厚。,1
6,211环节到位，把课文中需要学生理解的重难点讲解清晰到位。,1
7,教师指导细致，教学思路清晰,1
8,课堂环节衔接紧密，过渡自然,1
9,概念图使用能激发写作思维，更好构思习作,1
10,评价环节能让学生感到习作的成就感,1
11,教师启发教育很好，过渡自然。,1
12,课堂环节完整，情景创设较为合理。课堂目标达成良好。,1
13,作为一名刚加入课题的新老师，刘老师本堂课基本落实了211的课堂模式，教学思路清晰,1
14,各环节重点突出，目标明确。,1
15,师注重朗读训练让孩子们在读中感悟文本，理解内容。,1
16,比较注重孩子的语言文字训练,1
17,重视孩子多种形式的读,1
18,理解课文，品读课文的方式多样化。,1
19,教师语言温柔,1
20,教学环节流畅,1
21,课堂气氛活泼，教学环节清晰流畅。,1
22,整体条理还是很清晰,1
23,各个部分时间把握也很恰当,1
24,语言也很优美，有亲和力,1
25,利用表格清晰准确的找到了精略结合点，充分让学生感受乡村风景的迷人景色，并充分锻炼学生写作能力。,1
26,高效的利用了课堂四十分钟，同时充分的发挥了学生的自主性。,1
27,多媒体和教学有效衔接,1
28,本节课基本体现教师主导学生主体的理念,1
29,采用了自主学习和合作学习（角色扮演）活动，培养学生的自主、探究、合作学习能力,1
30,拓展阅读材料符合课时目标，具有层次性,1
31,写话题目与支架设计较好，采用清晰的句子支架与图片情境支架促进学生写话。,1
32,本堂课为第二个课时，老师通过让学生采取多样的朗读方式，体会三个母亲的不同心态，并让学生找出文章中的关键词语将文章串联起来，从而深刻体会老爷爷所说的话，明明有三个儿子，而老爷爷说只有一个。,1
33,在最后的写话环节，教师采用学生观看同伴事先拍摄好的短视频，利用支架进行写话练习。,1
34,教师亲和力强 学生学习积极性高,1
35,会认的字学的很扎实,1
36,老师的教学基本功非常扎实，整堂课思路清晰，各环节的设计以及时间的分配符合跨越式小学语文精加略课型的特点。,1
37,课堂节奏协调有序，环节清晰。尤其课前古诗诵读，章显文化底蕴。,1
38,突出教师主导，学生主体，充分体现了小组合作学习 ,1
39,表格支架设计的很有层次性，符合学生的认知,1
40,环节完整,1
41,目标清晰具体,1
42,教师设计的问题较为清晰,1
43,环节明确，主题突出。,1
44,结构紧凑，环环紧扣，过渡自然,1
45,字词教学，课文学习扎实高效,1
46,围绕读写训练，设计教学环节，操作性强,1
47,能够利用微课进行翻转课堂的教学，钟老师刚接触翻转课堂，能够愿意去探索新的教学方式，这是应该值得肯定的。,1
48,能抓住重点句体会作者思想感情。,1
49,师注重情感的深化和学生情绪的深入，本节课很有语文味。,1
50,王老师利用211模式给我们上了与《时间赛跑》，文章重难点得当。教师特别注重对孩子们朗读的指导，在上课中，鼓励孩子多种形式的朗读，让孩子在朗读中理解时间的宝贵。,1
51,通过写作，让孩子明白平时可以如何珍惜时间。,1
52,教学活动丰富 ，真正做到了学生在情境中学习,1
53,氛围热烈,1
54,教师循循善诱。善于引导，善于启发。能抓住关键词，关键句来引导学生理解。学生参与面广，参与热情高。 ,1
55,环节清晰完整,1
56,本节课的教学最突出的特点是运用多媒体网络进行教学，利用丰富多彩的网络资源，形象、生动地启迪学生思维，为学生理解课文内容，鉴赏语言文字，提供条件。,1
57,让学生在更短的时间里检索到更多、更有价值的学习资源，提高灵活运用语言文字的能力。,1
58,完美地利用了几何画板、论坛等工具,1
59,交互性极强,1
60,知识迁移，利用学生熟悉的形象导入课堂知识；,1
61,通过回顾，带领学生温故基础目标，提供丰富的拓展阅读材料，为写作作铺垫,1
62,我们的生活方式。我们要学会珍惜现在身边，不要把手弄伤自己方便地通过自己方便多么美好的话，我们的生活品质保证我的生活状态很好的话就是说我要好好珍惜现在的我的人1,1
63,基本符合小学语文跨越式精加略课型的特点，第三课时的主要任务是学生的知识输出，即根据前两节课所学的写作手法，重点字词句等，参照课文相关主题进行写作练习。,1
64,课堂教学基本体现出了跨越式小学语文教学的特点，相应的教学环节都有体现，教师能从整体上把握本堂课的教学重难点。,1
65,教师教学基本功扎实，课堂教学初步体现了跨越式的特点，211模式的环节和时间掌握比较熟练。,1
66,游戏能激发学生的兴趣，概念图的作用符合学生认知特点，能加深知识的巩固,1
67,拓展阅读部分开拓了学生的知识，体现了核心素养,1
68,多媒体使用巧妙有效，教学目标明确，步骤紧凑，课堂气氛活跃，教学效果较好,1
69,图片和视频相结合；整个课堂气氛比较活跃；老师的发音很地道,1
70,能让学生有多发言的机会；小组合作机会较多,1
71,师生交流活跃，学生学习认真，回答问题积极，课堂气氛活跃。,1
72,教师上课逻辑清晰，风趣幽默。,1
73,教师指导，示范认真，学生反应积极，课堂效果良好,1
74,以儿歌形式引入课题，充分调动学生的兴趣以及积极性，对二会字以开火车和摘苹果形式进行巩固练习，并对四会字中的重点字进行指导练习，对竖勾竖提进行区别，帮助学生更好理解生字，时间把控较好。,1
75,这是一堂综合实践活动课，利用活动课的开展对前面六个单元的知识内容进行复习，教师在课堂上开展了丰富多彩的教学活动，将前面所有的内容融合进课堂活动当中，学生们的积极性很高，高度完成了本堂课的教学目标。,1
76,1.注重孩子的读书习惯，渗透读书方法。 2.注重多种形式的朗读。,1
77,1.上次课做了层次做微调. 2.课的内容来说，第一二环节新知故旧拓新，激发学生的兴趣；改进第一环节，新知提出衔接性； 第二个，基于概念的辨析； 第三环节：问题大探究，新知进一步深化学习；,1
78,条理清晰,1
79,课堂控制很好，教师素质好,1
80,老师的教学经验很丰富，讲的深入浅出,1
81,老师的教学思路比较清晰，新旧知识的衔接非常自然,1
82,同时也注重学生运用知识的能力培养，课堂教学活动的形式非常丰富，并且符合学生的认知特点。,1
83,注重了语音语调和情境教学,1
84,情景创设，趣味性强,1
85,教师投入，代入性好,1
86,教师反馈积极且及时,1
87,内容丰富多样，基础、拓展和应用都有照顾到，且都比较深入,1
88,情感价值观导向清晰,1
89,时光穿梭机吸引了孩子们、调动了孩子们的积极性,1
90,重难点突出,1
91,能够合理运用导学单，能围绕教学目标进行教学,1
92,教师教态好,1
93,拓展材料选择主题相关,1
94,激烈策略设计易于激发学生兴趣,1
95,目标明确，环节紧凑，衔接自然，情感目标得到落实。,1
96,教师能够基于任务，让学生有兴趣的参与到重点段落的赏析中。,1
97,学生依据概念图进行对本课文包含的食物链进行梳理，看出学生具备一定归纳课文主旨的能力，这与教师日常的训练和平板带来的情境创设非常有关。,1
98,在课堂拓展阅读和打写训练的环节上，学生基本能完成阅读和写话。,1
99,目标清晰，为完成识字任务，设置了多个学生活动。,1
100,情境设置合理有效 教学环节衔接有序 有效的应用了思维导图,1
101,作为一名刚加入课题的新教师，李教师基本上能把握211的课堂教学模式，从课文讲解到拓展阅读阅读和写话设计，环节衔接紧凑有序。,1
102,对文章中的生字词讲解透彻，引导学生从生字到组词再过渡到最后的写话，较高的完成了教学目标。,1
103,设计环节紧密，符合学生认知特点,1
104,准备充分，能调动学生积极性，以学生为主体，结构合理，教学效果好。,1
105,课前准备充分；驾驭课堂能力强；以学生为主体；时间安排合理。,1
106,教师启发教育很好，过渡自然。,1
107,教师基本功扎实，作为新老师，有意识的落实模式中的每一个环节,1
108,能给学生思考的时间，给大部分学生发言交流的机会。,1
109,结构清晰，环节紧凑，教师语言亲和,1
110,说话练习贴近生活，易于理解,1
111,老师说话亲切，学生容易接受,1
112,谜语导入设置很好，把学生的注意力吸引到课堂,1
113, 写作环节分为两个部分，不单一，一个是说，一个是写,1
114,结构清晰，环节紧凑,1
115,教学扎实有效，教师教态好，以学生为主体，知识讲授全面。,1
116,结构清晰，环节紧凑,1
117,谜语导入，调动了学生的积极性,1
118,学习了品字形结构的字，能够做到结合学生生活经验记忆,1
119,课堂环节紧凑，教师亲切自然，符合一年级的学生特点,1
120,教师用猜迷导入引入新课，激发了学生的学习兴趣,1
121,说话练习贴近生活，易于理解,1
122,环节紧凑，简洁明快，扎实有效,1
123,教师的语言及教态很好，课堂纪律与气氛也较好，用身体及动作来识字，形象生动，值得学习。,1
124,谜语导入，调动了学生的积极性,1
125,谜语导入，直观形象。在识记生字时候用了加一加的方法，游戏识字有一次巩固了学习的生字,1
126,识字环节，方法多种多样，并且能够在过程中举一反三,1
127,教学思路清晰，目标设置明确。,1
128,教师通过设置不同的情境促进学生之间的两两对话，以培养学生的英语交流能力。,1
129,同时曾老师也为学生提供了足够的拓展听读时间，整堂课很好的体现了跨越式小学英语课堂111模式。,1
130,教师善于创设情境，带领学生理解课文。,1
131,老师声音很响亮，学生不容易跑神,1
132,教学方法和教学过程比较符合一年级学生身心发展的规律以及思维的特点,1
133,教学是一个循序渐进的过程，老师多次运用看和读来加深学生对于字词的记忆,1
134,情景导入符合一年级小朋友的特点,1
135,课堂充分调用学生的积极性，运用带读，贴画等方式让学生积极的参与到课堂当中,1
136,识字课寓一定的思想情感于教学中，显得很自然，老师的总结也很到位,1
137,谜语的方式有利于激发起学生学习的兴趣，让学生也通过这种方式来认字有利于拓展学生的思维,1
138,电脑打字造句确实很锻炼学生的语言文字运用能力，方式比较好,1
139,思路清晰 层次分明 ,1
140,苏老师整堂课的设计非常清晰连贯，在不同的教学环节分别采用了具有针对性的教学工具APP，在激发学生学习兴趣的同时，很好的完成了本课时的教学目标。,1
141,三课时目标分配合理,1
142,教学目标达成较好,1
143,精略结合较好,1
144,教学环节设计合理,1
145,能很好的贯彻单元导读课的教学模式，教学目标清晰，高度达成了单元导读课导趣，导读，导行的教学目标。,1
146,画书时除了勾句子，还需要考虑个别阅读感受，画句圈词做批注,1
147,整堂课教学思路很清晰，教学目标非常明确，各教学环节衔接有序，符合跨越式小学语文课堂的教学理念和模式。,1
148,教师在整个教学过程中，很好的注意到了教学的层次性，为不同能力层级的学生设置了不同的学习任务。,1
149,教师对信息技术运用纯熟,1
150,大部分时间都是学生参与其中。 各种媒体之间的衔接有逻辑性。 课堂很新颖。 趣味性很强。,1
151,图片和视频相结合,1
152,整个课堂气氛比较活跃,1
153,老师的发音很地道,1
154,能让学生有多发言的机会,1
155,小组合作机会较多,1
156,多媒体技术运用和衔接流畅,1
157,互动性强，实现了课程与技术的整合。,1
158,学生的批判性思维和创新性思维被锻炼的非常好。,1
159,教师个人素质非常好，视频，音频，课堂的配音，活动衔接非常棒。,1
160,教师和学生的口语都非常好。,1
161,课堂内容丰富，学生参与度高，实现了教师主导学生主体的教学模式。,1
162,并且对于学生的课堂表现进行了及时的评价和反馈。,1
163,活动连贯，学生做中学，有体验有展示，可直接反馈，令学习形式和教学形式都丰富多样,1
164,多媒体互动多，趣味性高，学生的自主性高，课堂参与度高,1
165,充分应用技术辅助课堂教学,1
166,课堂整体性强,1
167,学生配合度高，课堂表现好,1
168,资料多 学生参与度高,1
169,老师注重学生书写，结构安排合理！,1
170,教师又通过媒体手段创设情境，起到了情感的升华，为后期的写话练习做了很好的铺垫。,1
171,教师能通过多种形式的朗读，让孩子充分与文字进行碰撞，与作者产生共鸣，受到情感熏陶。,1
172,设计两次对比分析句式的活动，注重培养学生的语言运用能力,1
173,引导学生品悟寓言故事的道理，注重培养学生情感态度价值观,1
174,设计的写话题目能够较好地培养学生的想象能力，设计的写话支架利于降低学生的写话难度。,1
175,教师能够严格按照低段语文211教学的模式进行教学，时间把控得非常好,1
176,教师语文优美，仪态优雅，善于鼓励学生学习，教学过程流畅,1
177,教师对于教学重难点的把握，是有自己的思考在里面的。,1
178,注重学生学习方法的培养，善于引导学生从文章中的关键字词句出发去领悟作者的思想感情,1
179,课堂上学生小组合作学习的有效组织非常到位。,1
180,通过不同方法关注重点 学习词汇,1
181,引导学生了解列文虎克是怎样从玩中发明了显微镜和发现了微生物的，并交流从中受到的启发。,1
182,本课在识字教学环节做的很好，层层递进，通过多种方式让孩子学习生字。,1
183,本课是一节融合绘本、概念图和自然拼读的教学，老师能够根据绘本的内容和学生的身心特点有效地实现教学目标。,1
184,如利用巧妙地利用概念图进行导入和总结，让学生对所要掌握的词汇一目了然，减少了学生学习的负担，这对低年级的学生来说是很重要的。,1
185,绘本的内容选择符合学生的认知水平同时又能有效地进行德育和自然拼读的教学，在环游图片环节能充分发挥学生的积极性，学习氛围浓厚，自然拼读处理得当。因此这是一节值得学习的课。,1
186,教师教学基本功扎实，课堂活动丰富多样，能引起学生的学习兴趣，课堂气氛很活跃。,1
187,对知识的讲解非常透彻，很好的完成了本课时的教学目标。,1
188,给予学生较多时间带着问题朗读课文，并注重师生互动。,1
189,齐读时教师去学生中去观察监督 直观花卉恰当,1
190,教师的教学用语很好，可以保持良好的课堂纪律,1
191,课堂时间把握合理,1
192,善于启发学生思考，在学生回答不出来的时候换个思路引导学生。,1
193,能够运用表格的形式，梳理文章内容，帮助学生理清文章脉络,1
194,有意识的传授学生学习方法，引导学生举一反三,1
195,本课的教学环节与流程很顺畅，教学重难点也都突破了，课堂上学生的积极性也很高。,1
196,整堂课的设计思路非常清晰，符合跨越式211教学模式的特点，时间分配合理,1
197,能通过有效的方式引导学生理解课文的主题，较好的完成了本课时的教学目标。,1
198,能从儿童诗歌教材特点出发，设计多种形式的朗读；能培养学生练说的习惯,1
199,教学思路清晰，注重培养学生的小组合作能力,1
200,余老师的课准确把握重难点　由课内阅读延伸到课外阅读，了解更多民族风俗。 　　　,1
201,教学思路清晰，善于调动学生学习的积极性，基本掌握了211模式教学的流程。,1
202,教师运用多种方法渗透重点，通过朗读指导帮助学生理解文本。,1
203,教学目标基本达成，时间合理。,1
204,教学环节清晰，逐层递进。,1
205,拓展阅读材料选择合适，贴合目标，注重对于学生的引导，发挥学生主体性,1
206,倪老师设计的课贴近学生生活，课的导入环节的情境设计富有吸引力，环节紧凑，学生参与度高，教学目标有效达成,1
207,教学思路清晰，课堂活跃，能有效运用多种教学手段调动学生的学习积极性。,1
208,利用朗读形式明确文言文现代文的不同。,1
209,字词解决运用有效,1
210,教师能按照跨越式课程模式进行第一课时的授课，对于本课的教学目标完成的较好。,1
211,环节清晰，语态优美,1
212,模式掌握较好，各环节过渡自然,1
213,本节课目标落实的较好,1
214,把习作知识与课文内容结合得很好，设计有创意。,1
215,本节课详略得当，充分发挥学生学习的自主性,1
216,本节课教学目标清晰，学习活动设计的具有层次性,1
217,注重引导学生习得修改作文的方法，迁移运用,1
218,注重设计修改作文的支架，降低学生学习的难度。,1
219,教学设计思路清晰，小组合作内容安排恰当，突破了难点，提高了课堂效率。,1
220,师生交流活跃、气氛热烈，小组合作修改日记很成功。,1
221,小组合作较成功。,1
222,教学思路清晰，重点明确,1
223,1.环节完整 2.导入有序。,1
224,学生的积极性被充分发挥，开展小组合作探究，特别是对于修改符号的认识学习到位,1
225,充分发挥学生的积极主动性，开展小组合作探究模式，补充学习修改符号,1
226,本节课教学效果较好，注重学生思路引导,1
227,教学模式的创新,1
228,1.突出教师主导，学生主体，充分体现了小组合作学习 ,1
229,2.表格支架设计的很有层次性，符合学生的认知,1
230,1.教师语言优美，教态大方自然 ,1
231,2.课堂时间分配合理,1
232, 3.教师善于设计有效问题引导学生思考,1
233,气氛活跃，学生学习热情高涨，教师善于引导学生，激发学生的学习兴趣。,1
234,老师能基本把握跨越式小学语文课堂教学的特点，教学思路清晰，在第一课时中针对生字的讲解非常透彻。,1
235,基本体现了跨越式小学语文课堂教学的特点，教学思路清晰，各环节活动的设置也能紧密的围绕本课时的教学目标展开。,1
236,学习活动设计的层次性好,1
237,教学思路非常清晰，注重培养学生的自主学习能力，通过小组的合作实现对知识的深度理解，进而让学生掌握写作的方法和技巧进行作文写作。,1
238,肖老师整堂课的教学很好地展现了跨越式课堂教学的特点。老师的教学经验非常丰富，善于调动学生的情绪，在多种朗读方式中体会作者的思想感情，把握文中的人物形象。,1
239,老师能充分利用多媒体工具辅助教学，同时引入微课帮助学生理解知识点。,1
240,1.在文章中很自然的过渡到生字的讲解 ,1
241,2.写话环节设置的好，学生课堂生成的效果很不错,1
242,教学思路清晰，教学环节衔接有序，重难点知识在课堂上得到了有效的解决。,1
243,教师教学基本功非常扎实，教学思路清晰流畅，基本能围绕跨越式小学语文教学的理念和模式进行教学设计，生字词的讲解很全面。,1
244,气氛热烈,1
245,气氛好,1
246,教学思路清晰,1
247,1谜语导入，激发孩子们的兴趣,1
248,2课堂组织有序,1
249,3教师引导非常好，孩子们说出许多意想不到的答案,1
250,教学思路清晰，体现了211教学模式的特点，时间分配合理，较好的完成了本课时的教学目标。,1
251,本课重难点都已突破，学生学习的兴趣也很高，指导学生学习方法，通过重点学习第一段让学生完成第二三四段。,1
252,阅读篇目顺序的调整，大大增强了学生阅读的兴趣,1
253,用了大量的图片，来解释生字和词语形象直观，教学步骤明确，生字的间架结构讲解明确详略得当对重点字板书加强学生的记忆并让学生做动作挺好写作给出图片挺好。,1
254,给出的词语也比较丰富。给了孩子们无线的空间,1
255,1.课程设计的利用moodle平台较好。,1
256, 2.资源很丰富。,1
257,课堂氛围活泼，学生积极性强，课堂内容充实，时间安排合理,1
258,优点是板书充实,1
259,思路清晰简单明快,1
260,对于单元复习题的讲解，老师很好的利用了学生自主学习和小组合作学习相结合的方式帮助学生进行整个单元知识的梳理。,1
261,对于易错的题目老师采用组内互改的方式来加深学生对知识点的记忆和理解。,1
262,1.教学方法符合上课学生的认知水平和思考方式。 ,1
263,2.有逻辑和条理的课堂结构 ,1
264,3.与学生的互动和对学生的思考学习能力开发起到了很好的引导作用,1
265,教学目标明确，教学环节紧凑。,1
266,教师善于引导学生交流。思维导图思路清晰。,1
267,教师教学基本功很扎实，111模式的小学英语课堂教学理念得到了很好的体现，突出了课堂上学生的主体作用，能采用丰富多彩的课堂活动激发学生的学习兴趣，较高的完成了本课时的教学目标！,1
268,内容紧扣知识要点，所选内容突出了重点、难点，加深了学生的体会，便于学生理解。教师授课中讲解能注意引导、启发。,1
269,环节清晰，衔接自然，板书简明扼要。,1
270,本节课符合211模式，时间把握较好，文本学习与拓展阅读、练习写话相结合，环节衔接自然,1
271,能够严格按照211的教学模式进行教学，每个环节时间分配合理。,1
272,课堂结构安排合理，时间把握较好，结合图片讲解形象直观，激发学生学习兴趣。,1
273,训练学生的阅读写作能力，学生基本功扎实，师生配合默契。,1
274,注重孩子阅读能力的培养,1
275,模式清晰，环节时间把握较好，语言自然亲切。,1
276,本篇课文是本册教材的第一组课文中的第一篇，学生处于低年级和中年级两个年段语文学习的接口处，要通过本组课文的学习，来帮助学生尽快适应中年级的语文学习，逐步完成由低年级向中年级的学习过渡,1
277,教学重难点突出，讲解仔细。,1
278,环节清晰紧凑，概念图很好突出重点，突破了难点。,1
279,教师内容设计符合本单元主题,1
280,本课在回顾本单元的基础上引导学生感受父母的，为了强化这个感受，教师还通过播放视频，阅读文章的方法拓展学生的思路。,1
281,思路清晰，流程紧凑,1
282,教师思路清晰，注重学生写作思路指导，结构紧凑,1
283,教学设计条理清晰,1
284,教学环节紧凑，教师指导细致入微。,1
285,1.教师对课文回顾全面细致。,1
286,2.对于写作方法总结非常到位。,1
287,3.教师以人间真情为核心，让学生根据自己的主题创作自己思维的概念图，老师讲解细致，概念图起到很好的拓宽思维的作用。,1
288,讲解透彻。,1
289,概念图设计清楚完整，教师准备充分，环节清晰。,1
290,知识讲解层层递进，很好的运用了信息技术来辅助教学,1
291,环节设计合理，对学生引导能力强。,1
292,整节课教师思路清晰，很经典的上课方式；探究式教学；对学生的启发很大，综合能力提高很多,1
293,2.教学设计体现了学生为主体的宗旨，调动了学生学习的积极性。,1
294,3.教学气氛活跃，师生互动较多。,1
295,4.运用精加略的教学模式，学习方法得到了迁移。,1
296,教学模式创新，师生互动密切,1
297,1.充分运用多媒体资源，使学生能够更加生动、形象地体会文章内容，感悟作者抒发的情感。,1
298,这是一堂非常成功的单元导读课，教师的教学思路清晰，所有的教学活动设计都是为了让学生总体把握本单元的主题，调动学生的学习兴趣，高效完成了本堂课的教学目标。,1
299,教师分析较细,1
300,能紧扣教学目标。,1
301,图片展示更加直观，学生学起来更加有兴趣,1
302,结合图片对课文中的事物进行讲解，有助于加深学生对课文中所写农作物的描写的理解。对于课文中的农作物也结合学生的生活实际进行扩展，并且发挥学生的想象力让学生去想象成其他事物。,1
303,本课的优点体现在学生能够充分的进行反思和总结。同时，Moodle平台里的资源准备非常充分，包括试卷讲解、知识点讲解的微视频、学生作文示例。据上一次的听课情况来看，本节课相较于之前一个是基于试卷讲解的教学模式趋于成熟，另一个是能够将之前提出的不足加以完善。,1
304,这节课可以看出教师驾驭课堂能力强。体现了教师的主导性和学生的主体性。,1
305,课堂层次清楚，结构完整，较好的完成教学目标。,1
306,设计思路清晰，知识讲解透彻，善于引导学生进行积极的思考，注重学生之间的小组合作与交流。,1
307,过程流畅严谨，课堂氛围活跃，互动充分，启发到位,1
308,课堂氛围活跃，充分发挥学生主体性，让学生在轻松愉快的环境中学会新知。,1
309,“211”模式清晰,1
310,环节完整，设置合理，生写话效果好,1
311,各环节清晰紧凑，学生参与度高,1
312,1、能够按211模式合理设计分配时间，有效指导学生听说读写。,1
313,2、每环节的过渡处理相当自然。,1
314,3、在学习过程中老师不断给予学生方法的指导。,1
315,设计合理，目标明确，课堂气氛活跃，面对每个学生，效率高！,1
316,思路清晰，重难点突出，从贴近学生生活的情境出发，在解决实际问题的过程中掌握本堂课的知识点。,1
317,1.教师基本功扎实，教学设计清晰，环节链接较为紧密。 ,1
318,2.情景创设合理，具有整体性。,1
319,3.拓展材料选择的贴合教学主题及目标。,1
320,条理较清楚，使学生掌握分段计费的计算方法。 基本达到了教学目标,1
321,课堂组织很好,1
322,运用一些软件，让学生可以比较准确的测量，可以更好的进行探究，老师提问得多，让学生有足够的自主性,1
323,老师PPT的导入采用了喜羊羊的例子，贴近学生的日常,1
324,较好地调动了学生的兴趣和学习积极性,1
325,很好地结合了新的多媒体教学技术,1
326,对知识的讲授较好地做到了直观、生动,1
327, 注重与学生的互动，安排了不少让学生自己分组讨论、探究的环节,1
328,1.知识点的引入生动有趣 ,1
329,2.与所学知识进行合理有效地类比,1
330, 3.与学生进行良好的互动,1
331, 4.课程设计有条理，逐步引导学生得出知识点，而不是一味的进行传授 ,1
332,5.将白板，网络论坛，几何画板等教学设备运用于教学过程中很合理,1
333,运用了多种教学资源，和同学互动多,1
334,探究学习，及时反馈巩固,1
335,1.和学生有互动，注重学生思维的调动,1
336, 2.例题选材切合学生认识 ,1
337,3.教学工具的灵活应用，将抽象问题具体化 4.鼓励式教育,1
338,在引入的时候抓住了同学们的兴趣点 很好地和前面所学知识点做了融合 本节课程交互性强 体现了同学们的探究精神 体现了分层教育原则,1
339,1.导入有趣，并且案例和后面习题相对应 ,1
340,2.讲课根据知识点层层递进，题目也根据知识点难度递进，利于学生对知识点的理解，掌握，应用 ,1
341,3.充分发挥学生主体作用，引导学生探究，对同学的回答有问必有答，并且可以进行相应的扩充,1
342, 4.善于激励学生挑战问题 ,1
343,5.善于利用多媒体工具辅助教学，增大课堂容量,1
344,思路比较清晰； 导入情境性较强，贴近学生,1
345,与学生互动较多，调动学生积极性,1
346, 对各个环节时间把握准确，如讨论环节,1
347,课堂联系及时讲解，加深学生理解与掌握,1
348,课堂中有回到导入中提到的问题，有始有终。,1
349,1.运用看图识字的识字方法，印象的帮助学生记忆生字词,1
350,2.教学环节清晰,1
351,3.基本满足211模式的要求,1
352,1.有借助激励评价激发学生参与的意识。,1
353,2.时间整体分配合理。 ,1
354,3.教学基本功扎实。 ,1
355,4.教学环节清晰。 5.结束语为第二课时做铺垫。,1
356,1.拓展阅读环节，选择的拓展阅读材料符合课时目标； ,1
357,2.写话设计，写话时间分配合理，写话指导详细具体； ,1
358,3.评价反馈，教师为学生提供了及时的反馈，评价语言具有鼓励性。,1
359,为了落实本课的知识目标，徐老师准备了一些判断，读空以及配图等形式的活动，同时让学生之间进行多次生生对话。,1
360,教师善于创设朗读意境，指导学生抓住关键词朗读，让学生从字里行间感受卖火柴小女孩命运的悲惨，体会作者的思想感情，激发学生对资本主义社会里贫苦儿童悲惨生活的同情。,1
361,结构清晰，符合211模式,1
362,基本体现了跨越式小学语文课堂教学的特点，教学思路清晰，教学环节的设计和时间的分配也很合理。,1
363,教学过程流畅严谨，充分发挥学生主体性。,1
364,深挖教材，能抓出重点段落，随文识字,1
365,过程清晰，字词解决必要有效，,1
366,能够按照跨越式精加略的思路进行教学设计，过程完整。,1
367,突出了重难点，基本完成教学目标,1
368,情境教学生动形象，启发学生思维,1
369,教师语言温柔，亲切 学生高度配合 课堂气氛很好,1
370,环节清晰，引导到位,1
371,1. 当一位学生回答完问题后，不同于以往教师直接评判对错，张磊老师总是先问一句“同学们同意吗？”，我觉得这很好。,1
372, 2. 与学生关系融洽，像朋友一样。 3.智慧学伴，家校合作。,1
373,环节清晰，注重师生示范和生生示范，较好地实现了教学目标,1
374,老师口语较好，也尽可能的将跨越式的思想融入到本节课中欧,1
375,教师的课堂设计贴合教研主题，符合英语111模式。,1
376,课堂准备充分，活泼有趣，能吸引学生的注意力，达成教学知识。,1
377,另外，绘本故事选用很恰当，与教材有效整合。,1
378,赵老师能巧妙地把绘本融入教学中，设计流畅，学生积极性也高,1
379,这节课是一堂真正的语文课。衡量一节课的标准就是看其是否让学生的语文知识获得增长，语文能力是否得到提升，语文素养是否得到积淀。无疑，这节课在这三个方面都做得很成功。,1
380, 教学思路清晰，重难点突出，在落实211基本模式的情况下，有自己的思考和创新。,1
381,目标基本达成；活动设置丰富多样；概念图和绘本运用到位,1
382,教学目标明确，教学内容环环相扣，生字词教学扎实有效。,1
383,（1）注重孩子字词等语文基础知识的掌握，扎扎实实地进行生字、词语的教读。 ,1
384,（2）结合所掌握的词语进行写话练习，达到巩固的目的。,1
385,从读音到书写，老师细致讲解，学生自主学习，多种形式的检查巩固，让学生在轻松愉快的气氛中识记生字。,1
386,基本功扎实，分层设计拓展写话内容,1
387,目标明确，重难点突出，时间把控较好,1
388,环节紧凑，过渡自然，学生主体性体现突出,1
389,教师语言亲切，亲和力强。过渡自然。,1
390,环节清楚，重点突出。阅读有指导，写作内容设计合理，和课文紧密相连。,1
391,教师亲和力强，教态自然，教学环节设计合理，流畅自然。写话环节学生发言精彩。总结用孩子图片拉进距离。,1
392,环节紧凑，重点突出，教师情绪饱满,1
393,思路清晰，气氛活跃，表演读形式新颖,1
394,环节紧凑，有松有驰,1
395,跨越式教学模式熟练运用，学生积极加入课堂学习，课堂参与度高,1
396,学生自由朗读和分组教学有助于学生创新思维的培养，通过拓展听读和写话练习，巩固和深化了学习目标,1
397,教师语言处理的干脆，能够抓住目标，更多是提问学生,1
398,注重引发学生自我思考,1
399,充分体现学生主体地位，设置有效的学生互动，以小组形式展开学习,1
400,情感引导丰富到位,1
401,1.这节课基本体现了211的教学理念，注重培养学生的语言运用能力,1
402,2.创设了与学生生活紧密结合的教学情境，引导学生深入理解课文内容，如赵州桥与教室的对比,1
403,3.拓展阅读环节材料的选择符合课时目标，处理得当，时间分配合理。,1
404,运用多媒体帮助学生更好理解,1
405,教师利用问题引发学生对课文的思考从而整体把握课文。 学生和教师讨论交流的交互性值得借鉴。 教师给学生留有课堂思考时间。,1
406,1.问题设置合理，层层递进 ,1
407,2.充分利用多媒体创设情景良好,1
408,直指中心思想，从雄伟，坚固，美观三个方面解释了赵州桥为何世界闻名。,1
409, 学生分组讨论，课堂活跃，图文并貌，增强学生学习兴趣和获得感。,1
410,1.整堂课节奏连贯，教师分板到位。,1
411,2.教学目标明确。课堂效果较好。 ,1
412,3.学生参与效高。 ,1
413,4.符合211课型。,1
414,本节课教学效果较好，注重学生思路引导,1
415,用pad让学生实际操作，体会神奇。有大量输入材料,1
416,步骤基本实现，,1
417,老师的引导很及时到位。 技术使用让课堂充满活力和趣味。 ,1
418,信息化教学工具运用纯熟，情景教学很有创意，与学生生活贴近。学生在过程中练习了词汇、对话，能够很好的掌握。,1
419,1. 课堂上师生互动较强，实现了教师主导，学生主体的教学模式。 ,1
420,2. 活动多样，种类丰富，学生对语言的运用基本实现。 ,1
421,3. 学生对于思维导图的利用非常清楚，熟练。 ,1
422,4. 情景化教学，让学生真正的将英语运用到现实生活中。,1
423,围绕一个重点来展开教学活动，学生有充分的练习和理解时间,1
424,能充分运用技术来支撑教学；环节紧凑，活动丰富；内容详实,1
425,灵活运用Pad，思维导图等教学资源 教师与学生配合默契， 课程流畅一气呵成， 学生积极性高。 ,1
426,教学目标能够达成 板书清晰高效 教师设置各种情景给学生 以便学生更好灵活运用,1
427,1. 练习活动有层次：从造句到问答到师生情景对话到生生情景对话 ,1
428,2. 使用指令管理课堂，在小学是比较有效的策略。用指令控制学生对平板的使用，避免失控 ,1
429,3. 使用Mind map等技术，学生能更好展现自己的创造力。每个学生的活动参与度更高。,1
430,用阅读笔记工具，培养学生阅读策略。,1
431,板书必要内容呈现，便于参考使用，复习回顾 任务层次多样，多次操练便于巩固掌握 概念图的使用(菜单绘制)便于学生自主探索能力的培养 情景设置妥当，便于学生口语对话 拓展阅读开拓思维，加强理解 平板使用灵活，口语指令清晰,1
432,1. 熟练使用ipad，提高了课堂效率  ,1
433,2.学生程度较高，能完成老师布置的任务，同时也能积极主动的回答问题。,1
434,3.学生的小组合作和讨论都较多，课堂氛围活跃 ,1
435,4.板书清晰，同时还创设情景，配上麦当劳食物图片。,1
436,运用ipad进行跟读阅读并做题，很方便。,1
437, 教师指令清晰，课堂纪律管理到位。,1
438,学生有很多听说练习的机会，课堂气氛活跃。,1
439,教学思路清晰，各教学环节设计合理，符合跨越式小学语文课堂教学模式。,1
440,教师教学思路非常清晰，在教学过程中设置丰富多彩的教学活动，让低年段的学生在活动中学习掌握知识。,1
441,1.本课较好地实现了情感目标 ,1
442,2.支架的设计，设计的表格清晰地呈现了两篇课文的重点，对比鲜明。,1
443,掌握怎样用本课新单词、句型来描述一个人的外貌的方法。,1
444,老师的教学基本功非常扎实，整堂课教学思路清晰，基本体现了跨越式小学语文精加略课型的特点。,1
445,教学目标达成较好,1
446,教学环节清晰,1
447,拓展阅读材料充分,1
448,张老师是一名刚加入跨越式课题的年轻教师，对课题的理解能力和接受能力非常强，同时也非常的积极上进。,1
449,本堂课张老师对课堂总体的时间把握上完全符合了跨越式语文课堂的211模式，针对低年段小朋友的认知特点，张老师在课堂上设置了丰富有趣的课堂活动，利用读演结合的方式，调动学生的积极性，参与性，寓教于乐。,1
450,在拓展阅读和写话环节，能给予学生及时的指导同时对学生的成果展示进行了及时的课堂评价。,1
451,2. 教师语言优美、教态优雅，善于鼓励学生 ,1
452,3. 教师能够熟练运用思维导图，针对教学重点向学生进行讲解,1
453,211第二课时环节清晰内容完整 拓展阅读环节处理的到位学生主体发挥到位。,1
454,教师有自己的设计思路，课前让学生画画展示灭绝物种比较好,1
455,1. 教师能够严格按照低段211模式进行授课，时间把控较好,1
456,环节清晰，教态亲切，课堂内容丰富扎实。,1
457,重难点把握正确，同时注重学生的常规习惯。,1
458,探究式教学，增强了学生的动手能力，激发学生对生物学习的兴趣,1
459,将课堂内容与学生生活相结合，知识指导实践,1
460,注重学生能力的培养，中间“小结”部分设计较好，巩固实验原理,1
461,注重以学生为中心，多次与学生互动，提问，调动学生积极性,1
462,在“211”的框架内完成教学任务，突出重难点，师生互动好，教学效果明显。,1
463,老师对平板教学非常熟练，能够充分利用平板的功能进行针对性的教学，围绕学生易错的知识点借助平台展示出来，从而进行针对性的讲解，加深学生对知识的记忆和理解。,1
464,带着明确的任务进行同桌合作读、四人小组合作读，使每个学生都有参与的机会和展示的舞台。如同桌合作读中，教师要求学生读完后要相互讨论有没有什么不明白的地方。同桌的合作中，学生不仅能更大胆地朗读，有了更多的发言机会，还能在互帮互助中解决一些细小的问题，因此经过同桌讨论后提的几个问题都较具代表性。在不变的教学时间内提高了教学效率，培养了学生积极思考、自主学习的能力。,1
465,教态，语言很好。班级常规好，卫生好。教师重视默读训练。教师能抓住关键词。能使用小组合作。,1
466,在情境中引导孩子去感受文中的美好情感,1
467,1.教态自然，和蔼可亲，有感染力 ,1
468,2.集中识字的设计很好，里面用到了一些创新的方式，如：结合本课风的主题，一阵风把生词吹来了，课堂生成效果很不错,1
469,张老师善于利用实物和创设真实的课堂情景，将学生带入了一个奇妙的餐厅之旅中。,1
470,通过大量的语音输入和操练，让学生在最后的综合说环节进行输出，准备十分充分，课堂气氛轻松活跃。,1
471,亲和力强，设计环节有吸引力。,1
472,能够按照跨越式精加略课型的思路展开教学。,1
473,梁老师的课给人最大的印象就是活力与激情，学生在课堂开始到最后环节都以极高的参与度参与进来，这在其他学校是少见的。,1
474,梁老师能够在非常短的时间内就日前观摩到的Moodle平台就地取材，进行重新设计，抛开效果如何，这种敢于尝试和实践的精神都是值得可取的。,1
475,梁老师这堂课主要以“What  day is it today”、“Why do you like …？”及“What do you usually do on  Sunday”等句型及一般现在时等知识点展开的。学生整体理解能力较强，能够按照梁老师搭建的脚手架进行逐次师生对话,1
476,课堂教学程序较条理。,1
477,1.表现力丰富 2.课堂渲染力强,1
478,1.教师语言优美，教态大方自然 2.课堂时间分配合理 3.教师善于设计有效问题引导学生思考,1
479,注重以学生为中心，多次与学生互动，提问，调动学生积极性,1
480,思路清晰，环节完整。时间把握准确。 ,1
481,教师引导作用发挥到位，并为学生提供有效支架。 注重朗读指导，采用多种形式朗读课文，帮助学生理解主题。,1
482,211时间分配合理,1
483,老师贴近孩子的生活，用他们容易接受的语言，方式进行教学，最后拓展练习，帮助学生加深理解记忆,1
484,情境创设较好，拓展阅读材料选择恰当,1
485,教学设计合理，情境创设贴近生活，从前面的导入贯穿最后的拓展输出，学生亲自制作菜单，锻炼了动手能力和有效完成了语言输出！,1
486,生动，充满了活力，无论是学生还是老师，原生态的感觉?；课堂内容能够和生活紧密联系起来，我觉得这是学习语文最重要的地方，语文就是生活；,1
487,教学工具丰富，老师有一体机，有贴纸，学生有电脑；,1
488,教师素养很高，这是一个可以让我想起来自己小时候的老师，看起来很想笑，那些孩子，甚至老师，都是如此的可爱幼稚，但是又感觉自己再也回不去了；,1
489,老师和学生有许多上课的习惯用语，比如：棒棒你真棒等，老师给学生的正向激励体现的很多的；小学语文教学就应该这样,1
490,1.问题设计 2.语言训练,1
491,时间把控较好，符合211模式，课程完整,1
492,教师语言亲切，情境设计的好。,1
493,（1）体现孩子的主体性，教师在课堂上多次“隐身”。 ,1
494,（2）给予孩子大量的时间进行读写，能够让学生自主表达,1
495,1.学习问题设计,1
496,教学层层深入，设置情境，提出有效问题引导教学。,1
497,杨老师在感知文本方面做的很好，让孩子通过各种方式去读课文，其次本科的教学很好的做到了点线面相结合,1
498,教学模式创新，师生互动密切,1
499,充分体现“211”教学模式，设计合理，注重对学生能力的培养。,1
500,教师语言丰富，善于引导，熟练把握教材，驾驭课堂能力强。,1
501,目标明确，重点突出，并且可以让所有学生都积极参与课堂； 由课文引申至价值观的引导,1
502,本节课突出了探究式课堂的教学特点，从教学情境的有效创设，学生思考的启发，自主探究与协作交流以及最后的总结，各环节都经过了精心的设计和思考。,1
503,单词教学创设情景，以旧带新，以新练旧。图文并茂，情景创设有趣味。过渡合理自然。重点难点突破，操练到位。,1
504,1.拓展阅读材料的选择紧紧围绕课时目标开展，且学习任务的设计清晰具体； ,1
505,2.采用学生生活中熟悉的情境图片，创设情境，较好地拓宽了学生的写话视野，打开了思路。,1
506,老师用各种卡片引导学生去认字识字比较好，还有猜谜语环节也很好,1
507,完成了教学目标，学生参与度很高，充分发挥了学生的主体作用，拓展阅读环节学生都积极参与。,1
508,本篇课文是本册教材的第一组课文中的第一篇，学生处于低年级和中年级两个年段语文学习的接口处，要通过本组课文的学习，来帮助学生尽快适应中年级的语文学习，逐步完成由低年级向中年级的学习过渡,1
509,语言亲和，在课堂中时常提醒学生课堂常规，让学生自己找识字方法，游戏时间设置时间点很好,1
510,1概念图在语文写作教学中的应用,1
511,老师的教学经验很丰富，讲的深入浅出,1
512,王老师的整堂课思路非常清晰，基本上能按照自己的教学设计有效完成课堂教学，重难点知识得到了很好的突破和有效解决，从课堂上学生作业反馈可以看出王老师高度完成了本堂课的教学目标。,1
513,教态自然，亲和力强，环节完整,1
514,注重以学生为中心，多次与学生互动，提问，调动学生积极性,1
515,体现了精加略课堂教学的特点，教学思路清晰，教学活动设计具有针对性。,1
516,教学环节紧凑，层次性突出，充分的拓展练习让学生更牢固的掌握了本课的新知。,1
517,学习方式方面：自主学习与合作学习相结合；,1
518,课时学习目标达成方面：能够较好地实现课时学习目标（生字词目标+总结归纳课文大意）；,1
519,拓展阅读方面：符合课时学习目标，处理方式得当；,1
520,写话设计方面：写话的支架设计采用图片能够较好减轻写话难度，具体形象，拓展了学生的思维，便于培养学生的想象能力。,1
521,这是一篇文质兼优的写景文章。写的是作者耳闻目睹钱塘江大潮潮来前、潮来时、潮头过后的景象，写出了大潮的奇特、雄伟、壮观，表达了作者热爱祖国大好河山的思想感情。课文启发学生学习作者有顺序，抓特点的观察方法，培养学生留心周围事物的习惯。,1
522,关老师的这堂课是一节精加略课型下的分层教学，整堂课教学思路非常清晰，教师在充分了解学生学情的基础上，分别设置了不同的教学目标，很好的体现了在教学目标上的分层思想，同时在教学过程中很好的做到了学习任务的设计分层。,1
523,1.课堂环节清晰，时间把控。 ,1
524,2.教学目标基本达成。 ,1
525,3.写话设计合理,1
526,教师语言亲切，讲解清晰。,1
527,重点明确，结构清晰,1
528,随文识字，归类识字结合，方法灵活。,1
529,教师从三个妈妈对自己儿子的评价切入文本学习，充分激发了学生的阅读期待。,1
530,注重语用训练，如多次进行了说话训练，编字谜，选择填空。,1
531,培养学生合作学习的意识。如设计小组合作编字谜环节。,1
532,1、课堂上师生互动活跃，教师引导到位。 ,1
533,2、运用多种方法识字，将识字融入句段学习。注重以读促悟。,1
534, 3、有重点地识字，教师示范后，其余的让学生小组合作解决。,1
535,情感渗透这方面，教师功课做得足,1
536,本课利用思维导图让学生清楚地了解了记叙文的要素，学习描写方法和修辞方法。教师沉着冷静，课堂条理清楚。,1
537,刘老师的作文课环节紧凑，师生互动热烈。注重写作基本技能的指导。,1
538,刘老师的课把握很紧凑，重难点突出，循循渐进。,1
539,刘老师这节作文课通过课文故事的导入，让学生理解什么是生命现象。接着请同学联系生活实际说说身边的生命现象。联系实际这一环节，让学生深刻的体会到非常抽象的生命现象。思维导图出示记叙文三部分，生动形象。,1
540,放手学生，由学生先讨论再集思广益，最后学生写。学生有话可说。,1
541,讨论氛围良好,1
542,氛围热烈,1
543,充分利用了多媒体教学，为学生创造了良好的语言学习情境。 教学重难点突出，教学步骤设计合理，由浅入深，循序渐进并且，知识点详尽，逻辑清晰。,1
544,有图片有动作，课堂氛围热烈,1
545,课堂氛围热烈,1
546,环节清晰，问题贯穿全文。,1
547,环节清晰完整，过渡自然，教学基本功扎实 对朗读的指导到位，实现了情感升华,1
548,教师语文基本功较好，语气自然，环节清晰，跨越式模式体现的较好，对比和句式的训练，对学生语用能力的训练,1
549,课件制作精美，老师教态自然，语言流畅，口语流利。重难点突出，信息技术运用得当。体现了交际性，层次性。,1
550,教学目标全部完成，学生参与度高，概念图和卡通人物的结合运用，代替了普通的操练，很好！听音猜人游戏，激发了学生的兴趣。,1
551,本节课的教学最突出的特点是运用多媒体网络进行教学，利用丰富多彩的网络资源，形象、生动地启迪学生思维，为学生理解课文内容，鉴赏语言文字，提供条件。让学生在更短的时间里检索到更多、更有价值的学习资源，提高灵活运用语言文字的能力。,1
552,语音亲切，环节紧凑,1
553,声音甜美，整体思路清晰。教学方法多样。师生互动真实。,1
554,课堂气氛活跃，环节流畅，学生参与度较高。,1
555,教师亲和力强，课堂环节清晰，充分体现学生的主体地位，学生的自学能力，小组合作水平得到有效训练。,1
556,课堂气氛活跃，教师能运用多种方法帮助学生进行识字练习。,1
557,思维导图的运用 清晰明了,1
558,本节课的教学最突出的特点是运用多媒体网络进行教学，利用丰富多彩的网络资源，形象、生动地启迪学生思维，为学生理解课文内容，鉴赏语言文字，提供条件。让学生在更短的时间里检索到更多、更有价值的学习资源，提高灵活运用语言文字的能力。,1
559,课堂常规好，课堂秩序好,1
560,独学、对学、群学、展示环环相扣，教态和蔼自然，对学生指导到位，课堂内容紧扣本课学习目标,1
561,1.创设情境方面，赵老师在本节课中巧妙运用多媒体技术，创设了丰富的语言运用情境，如引入《田家四季歌》的音乐歌谣，激发学习兴趣，写话时创设田家四季的情境；,1
562, 2.识字方法指导，引导学生使用学过的识字方法自主学习生字词； ,1
563,3.拓展阅读与写话环节，精选拓展阅读材料，巧妙搭建写话支架。,1
564,1.创设情境方面，赵老师在本节课中巧妙运用多媒体技术，创设了丰富的语言运用情境，如引入《田家四季歌》的音乐歌谣，激发学习兴趣，写话时创设田家四季的情境； ,1
565,2.识字方法指导，引导学生使用学过的识字方法自主学习生字词； ,1
566,3.拓展阅读与写话环节，精选拓展阅读材料，巧妙搭建写话支架。,1
567,1.重点比较突出，强调了多音字，以及比较复杂的字的书写方法 ,1
568,2.以儿歌的形式学习"戴"字的记忆方法，生动有趣 ,1
569,3.学生自己观察在田字格里写字要注意的点，既培养了观察能力同时加深记忆力。 ,1
570,4.时间把握比较合理,1
571,1.创设情境方面，赵老师在本节课中巧妙运用多媒体技术，创设了丰富的语言运用情境，如引入《田家四季歌》的音乐歌谣，激发学习兴趣，写话时创设田家四季的情境；,1
572, 2.识字方法指导，引导学生使用学过的识字方法自主学习生字词； ,1
573,3.拓展阅读与写话环节，精选拓展阅读材料，巧妙搭建写话支架。,1
574,1.通过录音，让学生轻生跟读，激发学生情感，也更能让学生读准字音 ,1
575,2.整节课教师与学生配合默契，教师语言优美,1
576,通过问题引导学生有目的的阅读绘本 提供问题答案的支架，帮助学生找到答案,1
577,教师在教学过程中能有效的为学生创设情境，帮助学生深入理解课文内容。,1
578,同时运用借助于思维导图工具，带领学生逐步剖析梳理课文知识点，从课堂上学生的作业情况可以发现，大部分学生对本堂课的知识点掌握非常到位。,1
579,高效的利用了多媒体工具，从视觉听觉上吸引学生的注意力，调动了学习的积极性。,1
580,概念图给了学生很大的提示，缕清思路，为写作做了极好的铺垫,1
581,1.教师善于总结归纳 ,1
582,2.教师主导，学生主体体现的较好 ,1
583,3.教师会先让学生发散说，后面是自主写,1
584,通过故事、图片等方式帮助孩子们理解词语和课文内容，效果很不错。,1
585,1、抓住了童话的特点，激发了学生学习兴趣。,1
586,2、情境设计到位，帮助学生理解主题。,1
587,3、拓展阅读和写作的内容设计合理，延伸了课堂。,1
588,课堂气氛活跃,1
589,教学思路清晰，符合“三维目标”要求，教学实施较好，能基本体现“合作、探究、互动、充分体现以学生为主体。,1
590,步骤清楚，条理明了。,1
591,目标明确，识字任务清晰,1
592,过程流畅，师生配合良好，段落清楚.凸现学生主体,1
593,教师语言亲切，教学目标明确，重难点突出。教学效果较好。,1
594,先说后写，学生积极,1
595,  根据学生的年龄特征和本课的特点，从培养学生的语言能力入手，鼓励学生用学过的句型学会询问喜欢的食物，用游戏，介绍，问与答等多种活动激发学习积极性，通过层层深入的学习活动，帮助学生调用原有的知识，合理地整和新旧语言材料，激发学生使用英语进行交际的欲望，培养学生的思维与使用英语的能力.,1
596,教师基本功扎实，课控把握很好，热身导入新颖有趣，能极大调动学生的学习积极性，操练充足，师生互动融洽。,1
597,1、本课教学目标明确，211的教学模式把握准确。 ,1
598,2、教师对课文的解读很细致，能恰当地引导学生通过想象体会人物的心情。 ,1
599,3、教学设计精细，精美，教师对文本的留白处挖掘较深。 ,1
600,4、拓展阅读环节高效。教师选取两篇阅读材料，在学生充分阅读的基础上，针对每篇文后的问题进行反馈，让阅读变得更实在。 ,1
601,5、习作部分教师写话设置合理，让学生有话可写。教师通过投影仪再现学生写话作品，当堂反馈交流，有利于学生提升自己的写话水平。,1
602,教师课程安排合理，重点突出，注重关键词语的积累！,1
603,条理性很强，尤其是作品展示的环节,1
604,环节清晰，教师亲和力强，学生认真投入，效率高。,1
605,环节完整，条理清楚，重难点突出！,1
606,课堂气氛活跃，引导学生理解关键词句，注重情感的铺垫与升华，让学生在读写中感悟人与动物的密切联系。,1
607,按照211教学模式，环节紧凑，重点突出，而且时间安排恰到好处。,1
608,1.创设情境方面，采用动画演示蝴蝶飞，激发学习兴趣； ,1
609,2.与学生的生活情境紧密结合，引入涿鹿县的特色葡萄，土豆，较好地将新知与学生家乡的特产结合； ,1
610,3.拓展阅读环节，精选拓展阅读材料。 ,1
611,4.注重培养学生的语言运用能力，提供了多次语言运用的机会。,1
612,创设情境开始课堂十分有趣，课堂中先后通过看图说话、拼音学习、大声朗读、猜字谜、拓展阅读、组词造句等学习并巩固了新的字词，并在学习字词的同时对情感认知也有一定的引导。,1
613,在启发学生自主识字的过程中将运用与思维相结合，便于强化记忆生字词。此外将知识与实际相结合来锻炼学生表达能力。,1
614,1.虚拟场景引入，用一张图片激发形象思维来认词 ,1
615,2.拼音学习，记忆，练习，运用循序渐进 ,1
616,3.师生交互环节频繁，几乎每个学生都被点发言，学生得到老师和同学的表扬很开心，激发和保持了学生投入课堂的积极性。 ,1
617,4.老师的反应总结能力很好（如形象记字的各种方法总结） ,1
618,5.联系生活（小组互相介绍物品），知识扩展（学道理），知识迁移（猜谜语，编谜语） 6.电脑打字练习 7.图片，词语条和儿歌准备充分,1
619,时间把握准确，教学思路清晰，课堂气氛融洽，识字教学部分非常扎实。教师态度和蔼可亲，学生发言也很踊跃。,1
620,师生课堂气氛融洽，老师言语自然随和，这样学生学起来不会有压力,1
621,另外导入用学生身边刚发生的事情，这样学生更能理解主人公的心理活动，能更好的起到教育作用。,1
622,还有在字词对碰这个环节，易读错字和易写错字处理的很好，让学生表演什么是鼻音，形象生动学生容易理解,1
623,环节清晰,1
624,识字教学溶于阅读教学之中 运用了富有情感的教学策略 重视学生的体验与感悟，为学生理性思维训练提供了条件,1
625,在教学时要引导学生边读边想象课文所描写的情景，发挥自己的想象力，在头脑中浮现出一幅幅生动的画面,1
626,环节清晰完整，教师对时间的把控很好，具有较好的教学基本功,1
627,1.老师的语气非常好，活泼不失温柔 ,1
628,2.老师随时夸学生，很不错 ,1
629,3.认字的时候，有多种记字的方式，并且顺带教学生同样的偏旁有什么共同点 ,1
630,4.猜谜语并且引导学生自己编写谜语很棒 ,1
631,5.和学生的互动很好,1
632,教学思路清晰,1
633,课堂赚快，紧凑 师生互动和学生之间互动强。,1
634,追问学生，理解为什么，指导问句朗读,1
635,教师讲解的很到位，学生理解了,1
636,教师讲课环节紧凑，尤其拓展写作环节，能够激发学生兴趣，调动课堂气氛。,1
637,引出课文中心,1
638,1.教师教学中提问的问题层次性较好。,1
639, 2.教学环节清晰，注重朗读指导。 ,1
640,3.教学目标落实到位。 ,1
641,4.写话问题设计具有情景性，激发学生的生活思考。 ,1
642,5.注重标点符号的发音指导。,1
643,1.利用视频让学生直观的理解航天员在太空中是怎样生活的 ,1
644,2.通过学生合作的方式，让学生学习课文,1
645,.1课堂思路基本清晰。,1
646,2.教学中采用先扶后放的思想，培养了学生自主学习的能力。,1
647,3.通过视频，图片，联系实际，感情读等手段感受太空生活的有趣。,1
648,4.写话内容与课时目标结合。,1
649,1.课堂纪律很好，2学生回答问题很积极大胆，3五步三查用到了,1
650,教师注重学生日常规范训练，注重基础知识教学，通过课文学会写书信,1
651,1.朗读指导方面，教师采用多种朗读方法培养学生的朗读能力； ,1
652,2.语言运用方面，教师创设与学生生活紧密结合的情境，引导学生迁移运用语言训练点，如“又……又……”； ,1
653,3.写话设计，教师设计了清晰的写话支架，引导学生续写课文，培养学生的想象能力。,1
654,课堂掌控能力强！语言有亲和力！注重培养学生学习习惯，教学思路清晰流畅。,1
655,时间把握到位，教学重点取舍合理，重点突出，难点到位。教学环节有序，条理清晰。,1
656,语言运用能力,1
657,1.教学基本功扎实。 ,1
658,2.教学环节清晰。 ,1
659,3.老师善于运用语言启发引导学生思考问题。,1
660,1.创设情境方面，教师采用多张清晰的太空和航天员相关的图片，激发学习兴趣； ,1
661,2.注重培养学生的语言运用能力。,1
662,1. 魏老师教态较好，在教学过程中注意对学生行为习惯的培养； ,1
663,2. 魏老师教学语文简练，课堂把控能力较好；,1
664,充分利用了多媒体教学，为学生创造了良好的语言学习情境。 ,1
665,教学重难点突出，教学步骤设计合理，由浅入深，循序渐进并且，知识点详尽，逻辑清晰。,1
666,讲解非常细致，提纲指导很充分。,1
667,依据学情，及时调整教学方案，学生情感被激发。,1
668,概念图讲解细致，学生理解透彻,1
669,这节课教学列提纲效果很好,1
670,利用概念图，很好的突出重点，突破难点，达到教学目标。,1
671,教师可以对学生进行适当的写作引导,1
672,教师引导学生回顾父母对自己的爱，画概念图。,1
673,1.问题设计方面，教师设计了层次递进的教学问题，启发学生思考太空生活中的趣事，引导学生展开想象（如假如你在太空中生活，会发生什么事？）； ,1
674,2.学习方式方面，教师设计了清晰的自主学习、小组合作学习任务，以及合作学习的支架，并引导学生迁移运用“必须……，不然……”； ,1
675,3.注重培养学生的语言运用能力。,1
676,1.教学基本功很好。 ,1
677,2.教学环节清晰。,1
678,3.教学问题设置层次清晰，教学目标达成度高。 ,1
679,4.注意评价和奖励策略激发学生参与。 ,1
680,5.在堂教学过程中，渗透情感态度价值观。,1
681,1. 郝老师以小橡皮作为学生回答对问题的奖励，激发起学生的兴趣，整节课，课堂氛围比较活跃。 ,1
682,2. 郝老师具有极强的课堂把控能力，能够很好地还领学生完成各环节的教学任务。 ,1
683,3. 郝老师在讲解课文时，解读得较为细致，学生最后情感的目标达到的较为顺利。,1
684,强调发音规则。教学资源的选取，丰富。,1
685,贯彻落实了小学语文课堂211教学模式，在时间的把握上非常合理，课堂教学活动丰富有趣，有效的调动了学生学习的积极性，从学生课堂表现及任务完成情况可以发现，梁老师高效的完成了本堂课的教学目标。,1
686,调动学生积极性,1
687,环节清晰完整,1
688,教师能够从多种角度设计问题，促进学生多方位思考问题，培养学生的思维能力。全班指导丰富,1
689,1  语言优美，语态教态良好 ,1
690,2  流程准确，时间安排合理 ,1
691,3  课堂互动活跃,1
692,1.板书设计有趣直观，有效激发学生学习兴趣 ,1
693,2.结合了形容人的拓展，有效帮助学生灵活运用。 ,1
694,3.充分发挥师生交际的示范作用。,1
695,课堂情景创设气氛浓厚。,1
696,教学环节清晰； 概念图使用了；,1
697,课堂常规好。,1
698,学生状态好。,1
699,教师板书认真。,1
700,学生自由活泼，教师教学民主。,1
701,1、概念图贯穿整节课 2、创设真实情景 3、教师课堂把控力强,1
702,课文讲解主次分明。,1
703,学生表演生动形象。,1
704,教室语言诗意优美。,1
705,教态自然，语言生动，形式多样，朗读指导到位。,1
706,1.充分利用多媒体教学工具，如白板（画圆大小的变化和直径和圆周的变化直接显示）；电脑（利用论坛平台来做练习）,1
707, 2.课程环节安排较合理：首先利用羊羊运动会的问题引发学生思考；然后进入本堂课程 ，之后在一个环节的学习后及时做练习来巩固知识；及时 和学生互动反馈引起学生的高度注意,1
708,情景导入和网络论坛、教学学习工具的使用，有利于调动学习的积极性和兴趣性,1
709,老师的教学经验很丰富，讲的深入浅出,1
710,1.资源利用的很充分 2.课堂互动很多 3.学生的回答很积极 4.课堂巩固和练习频繁,1
711,知识迁移，利用学生熟悉的形象导入课堂知识；引导学生自助探究；完美地利用了几何画板、论坛等工具；交互性极强；,1
712,1.“情生于境，以境激情”，在孩子们理解燕子遇到的重重困难的基础上，高老师播放的背景音乐对于孩子把握情感，感受严寒，有着很大的帮助。2以读促悟，这一节课，高老师强调读的重要性，尊重孩子内心真实的阅读感受，深入情境，使朗朗书声成为整节课的一道风景。3.课堂连笔，加强了孩子们对文章主题的把握，以及对贝蒂这个孩子的人物特点的认知。 教学特色：板书上的“小燕子”以及ppt最后一页的“爱心”和背景音乐，极具感性思维，对于学生情感的陶冶和对于主题的理解，有着较好的辅助作用。 教学不足：整节课的呈现上，课堂氛围较为形式化，孩子们的积极性受到了一定的限制；小组活动的开展流于形式，没有进行小组展示；拓展阅读篇幅过少，拓展阅读的反馈较为冗杂，可以稍微精简。 教学改进建议：小组活动的开展上，要明确分工，有条不紊；拓展阅读，篇幅可以适当增加一篇必读和两篇选读篇目。 ,1
713,导入简洁，衔接自然，充分发挥了老师主导，学生主体作用。,1
714,注重学法指导，学生学习兴趣高涨。,1
715,教学生动有趣，能有效激发学生的学习兴趣。整堂课的思路很清晰，从课文回顾到范文分析，从拓展阅读到写话练习，衔接有序，较好的完成了本课时的教学目标。,1
716,英语课堂注重言语交际，本节课老师为学生提供了多次生生对话，并用概念图作为支架。,1
717,课堂上，教师还呈现了学生对话的视频，极大引起了学生的注意和兴趣，同时，也起到了一定示范的作用。,1
718,教师基本功扎实，情绪饱满，学生在其影响下，能够积极参与到课堂活动中来。,1
719,教学环节设计清晰合理，善于调动学生的学习主动性，注重学习方法的渗透和培养。,1
720,李霞老师的课一向是非常生动有趣的，特别是对于学生能力的培养和发掘都值得我们学习与探究，李老师在整节课的呈现时，十分注重对于孩子阅读能力的培养。此次教学是古诗，所以有一定的难度和深度。 而且将211贯彻的十分到位与确切，值得学习。,1
721,本课运用小组合作的形式组织教学，体现以生为本的教学理念。,1
722,情感深，气氛浓,1
723,李老师准备充分，课堂上富有激情。第一次用小组合作方式上课，给我们做了一个榜样。,1
724,严格按照211模式教学，环节设计严谨科学，教学过程流畅，教学效果极佳。,1
725,以读悟情，丰富的图片引导学生悟诗意。,1
726,思路清晰，环节紧凑，对写作方法指导全面到位,1
727,设计合理，尤其“知识树”环节较有创意。,1
728,本课导入较自然，学生配合较融洽。,1
729,识字教学溶于阅读教学之中 运用了富有情感的教学策略 重视学生的体验与感悟，为学生理性思维训练提供了条件,1
730,基本体现了跨越式小学语文课堂教学特点，教学思路比较清晰。,1
731,殷老师掌握课堂比较强，根据低段学生认知发展水平，设置的一系列科学探究活动，体现了以学生为主体的教学思路。,1
732,课堂上按照对数的认识及探究由浅到难。,1
733,课后设置的问题，体现了对学生逆向思维能力的培养和联系生活实际的情境性。,1
734,层次很强，第一课时要求的基本做到,1
735,多媒体技术与课堂教学有效衔接,1
736,层次清晰，教师引导到位，更多的把课文交给学生感受。,1
737,思路清晰，目标明确,1
738,课堂教学充分体现出了探究式教学的特点，注重学生自主学习和小组合作学习的能力，善于引导学生从不同的角度去完成知识的记忆和理解。,1
739,211模式清晰,1
740,习作课，导入安排合理，提高学生兴趣，对于写作方法指导细致入微。,1
741,教师的教学思路清晰，目标也很明确，陈老师不是跨越式课题组的成员，但是陈老师敢于尝试，这非常值得鼓励和肯定。,1
742,1.环节清晰 ,1
743,2.情景创设很好。 ,1
744,3.小组合作环节分工明确。,1
745,高老师，教学环节清晰流畅，本节课各个环节处理的很细致，用心；,1
746,小组合作学习突出了教师主导，学生主体的理念；,1
747,鼓励学生通过概念图梳理写作思维。,1
748,教学思路清晰，教学环节过渡自然，师生互动较好。,1
749,教师思路清晰，紧紧围绕教学目标教学。,1
750,思路清晰 重难点突出 积极调动学生的积极性,1
751,思路清晰，环环相扣，概念图使用的效果很明显，达到了本节课的教学目标。,1
752,这节课很成熟，无论是导入，单元课文回顾，还是阅读片段和拓展材料，对文章里别人父母的爱的理解，或是引导学生自己对父母的爱的体会和理解，都让我们觉得亲切自然，绘制概念图，学生发散性思维，很多有创意的图案也让我们觉得孩子们对这样的方式乐于接受的，并且他们借助概念图，让学生掌握更好的写作技巧，更合理的设计习作思路，习作步骤,1
753,教学过程充分考虑儿童的思维方式 教学方式新颖灵活 学生参与度高 利用多种教学资源，巧妙结合课程主题 注重学生理论知识和实践能力的双重培养,1
754,实验前准备内容充分，实验教学更能提高学生兴趣。探究实验能提高学生动手能力。,1
755,环节清晰完整，教育方式有所创新,1
756,1.本节课基本体现以语言运用为中心的理念，注重培养学生的语言运用能力； ,1
757,2.创设了与学生生活紧密结合的情境，引导学生在情境中运用生字词； ,1
758,3.引导学生采用自主学习和合作学习的学习方式进行学习。,1
759,本课课堂时间分配合理，拓展写作设计的很好，学生能够发散思维想出很多和课文相关的句子，能够运用老师所提供的词语造出通顺优美的句子,1
760,整堂课教学思路非常清晰，能按照跨越式精加略课型的模式进行设计和组织教学环节。,1
761,通过字词句理解课文内容，层层引导，对学生进行思想教育。,1
762,条理清晰。,1
763,教学思路非常清晰，环节的设计合理有序，课堂上采用不同的朗读方式帮助学生理解文章大意。,1
764,卢老师是一个教学经验非常丰富的教师，在课文的导入环节选取了周恩来总理的例子，与本文晏子的主题高度吻合，同时也有效调动了学生学习的积极性。,1
765,评价方式多样，但是表扬性语言较少。课堂思路清晰，层层递进。,1
766,讲解详细，图文结合，有效地提高教学质量，使学生掌握所学知识点！,1
767,准备充分，绘本贴合课本内容，设计生动，图文结合，锻炼学生口语表达，培养学生的语言运用能力。,1
768,优点是什么，气氛很热烈，图片选用得当,1
769,课堂教学基本呈现了跨越式的特点，符合跨越式的教学模式。,1
770,教师富有亲和力，巧妙运用动作演示，边演边读将学生带入情景。,1
771,课文主要是体会女娲为了拯救受苦受难的人们不怕危险、不怕困难的精神。鼓励学生在反复诵读中积累语言,1
772,体现了探究式课堂教学的特点，充分体现了学生的主体性，给予了学生足够的时间去自主探究自主完成知识的内化。,1
773,教师对教材理解深刻,1
774,思路清晰，环节完整。时间把握准确。,1
775, 教师引导作用发挥到位，并为学生提供有效支架。 ,1
776,注重朗读指导，采用多种形式朗读课文，帮助学生理解主题。,1
777,教学环节衔接紧密，安排合理有序，能借助丰富的多媒体帮助学生认知，对于这种科普类的文章，合理的运用多媒体作为课堂辅助，更有助于学生对知识的理解！,1
778,教师语言亲切，情境设计的好。,1
779,学习方式方面：自主学习与合作学习相结合较好,1
780,课时学习目标达成方面：能够较好地实现课时学习目标（生字词目标+总结归纳课文大意）,1
781,拓展阅读方面：符合课时学习目标，处理方式得当,1
782,写话设计方面：写话的支架设计采用图片能够较好减轻写话难度，具体形象，拓展了学生的思维，便于培养学生的想象能力。,1
783,老师的教学经验很丰富，讲的深入浅出,1
784,1.采用宇航员的太空生活视频创设了真实的学习情境，建立知识与情境之间的联系。 ,1
785,2.设计了清晰具体的写话支架与写话题目，符合课时目标，便于学生写话。,1
786,环节设置分明，照顾到了不同层次的学生,1
787,1.教师的教学环节清晰。 ,1
788,2.视频导入，激发学生兴趣。 ,1
789,3.写话设计开放性考虑全面。,1
790,1.视频导入激发学生学习兴趣 ,1
791,2.偏旁识字方法将生字归类 ,1
792,3.板书简洁美观,1
793,板书设计简洁美观，课件制作精美,1
794,生字思维导图，写作的层次性，培优辅差,1
795,1.教师的教学环节清晰。 ,1
796,2.视频导入，激发学生兴趣。 ,1
797,3.写话设计开放性考虑全面。,1
798,板书设计简洁美观，课件制作精美,1
799,（1）导入视频比较有新意（2）识记生字哪里用思维导图的形式归纳偏旁,1
800,有图片有动作，课堂氛围热烈,1
801,教师能与用多种教学形式帮助学生了解后鼻韵母的正确读音。,1
802,高老师这节课重难点突出，语言精美富有感染力。,1
803,积极调动学生的主观能动性。,1
804,本课没有按照传统模式，从头讲到尾，而是选择重点点拨，知识点迁移到其他文章，有效节约时间，重点突出,1
805,思路清晰，结构完整，学生收获多,1
806,通过理解重点语段体会景物特点进行写法指导。,1
807,教师教态自然亲切。教学内容安排合理紧凑。学生读中感悟，学习。,1
808,利用精加略模式授课，整堂课有详有简，通过精读课文完成对略读课文的迁移,1
809,教学设计符合跨越式精加略课型第一课时的基本要求，思路清晰，较好的完成了本课时的教学目标。,1
810,语言亲切大方，前后衔接好，道具词语设计吸引学生注意力，识字方法多，红色字体突出,1
811,1.教学环节完整，翻转课堂课前，中设计明确 ,1
812,2.练习分层层层递进,1
813,课堂教学模式整体体现了跨越式教学的特点，教师的教学思路清晰，教学环节的设置能紧密围绕教学目标展开。,1
814,体现了小学语文跨越式课堂的特点，每个教学环节的设置非常合理，各环节间的联系非常紧密。,1
815,注重学生思维能力的培养，同时教给学生如何理解文章主题的方法。,1
816,教学重难点突出，对知识点的讲解比较透彻。,1
817,教师具有亲和力，语言简练，整个课堂流程清晰，很有条理,1
818,教师和学生的互动比较多，学生的积极性比较强,1
819,有效的利用了小组合作学习的优势，促进了学生之间的相互交流，知识互补。,1
820,差异教学的实施不错,1
821,1、看图复述课文有助于培养学生的口语表达能力，了解课文内容。 ,1
822,2、写话环节的补充对话有助于学生了解文章主题。 ,1
823,3、演课文帮助生理解课文内容。,1
824,1.环节设计条理清晰,1
825,2.注重与实际生活的联系，激发学生的学习兴趣，能够引导学生将所学知识运用于解决生活中的问题,1
826,3.注重对学生语言运用能力的培养,1
827,4.对技术的使用合理有效，素材资源准备充分。,1
828,师生互动频繁，学生参与度高，理解深入,1
829,符合跨越式小学语文课堂教学的特点，能设计有效的问题让学生进行思考，从而达到对课文知识的理解，写话题目贴近学生生活实际，有助于学生的表达输出。,1
830,教学思路清晰，对文章的讲解透彻，在教学过程中能注意培养学生的自主学习和合作学习能力。,1
831,有图片有动作，课堂氛围热烈,1
832,整堂课的教学思路比较清晰，从教师的知识讲授、学生的拓展阅读以及写话，基本符合跨越式小学语文课堂教学的理念和模式。,1
833,能充分体现学生小组合作，让学生能够自己组内交流，并按照小组共同协商后而给出解决方案并制作成品。,1
834,学生在动手实践的过程中，能够根据实际情况，想出不同办法使底面材料跟侧面连接的更加稳固，还有一些同学能够依据个人审美和艺术加工，降边料制作成装饰品。,1
835,1.动手操作环节可以让学生更熟悉圆锥圆柱的特点，也可以通过操作巩固知识点 ,1
836,2.体现了数学空间想象力的培养,1
837,学科知识紧密联系实际生活情境，小组合作学习的开展有效的培养了学生的协同合作解决问题的能力！,1
838,教学环节清晰。基本掌握了跨越式课题教学模式。能在课堂上落实写字教学。,1
839,教师指导有方，学生自主学习时间充分。,1
840,1.各环节时间安排较合理,1
841,2.检查生字认读及识记生字较扎实。,1
842,课堂导入新颖有趣，老师声音清脆，课堂思路清晰，学生都能紧跟老师的步伐，逐步完成教学任务，学生大胆举手，勇于发言,1
843,对于二会字识记方法多样，采用了加一加，换一换，偏旁归类识记，拓词记忆等很多种方法,1
844,课文内容回顾是否有点多。,0
845,最后一个环节新授单词有些难，学生无法应用。,0
846,1、识字时间过长，让学生每个字都认了一遍，教师总结，是否应该是学生对已经认得字就不用在讲一遍了 2、没有指导书写，教师出示生字以后应该将比较有特点的字重点指导，学生课上练习，而不是全都写一遍 ,0
847,小组合作，作用有待提高,0
848,课程内容丰富也很有趣，但计划性太强,0
849,情景性缺乏整体大情境，课文处理不易采用让学生通篇朗读的方式可让学生在情境中理解角色扮演的方式读。,0
850,导入过长,0
851,第一课时的写话是不是应该换个题目，爱的箴言放到第二课时应该更合适吧！,0
852,课文内容回顾是否有点多。,0
853,生字部分应该再强调一下拼音组词,0
854,第一课时的写话环节太难了，学生可以只说不写。,0
855,生字部分应该再强调一下拼音组词,0
856,环节设置的顺序没有围绕本课目标来进行的。,0
857,后面环节的导入形式有点单一,0
858,老师在教学过程中应该注意学生能力的层级性，针对不同能力的学生设置不同的学习任务。,0
859,老师指导过细，讲得太多，对学生的个性理解不是很有帮助。,0
860,学生个体差异化要能够体现出来，如何更好的培优辅差,0
861,对于语文的第一课时除了讲解生字词外，对于词语在文章中的具体意义也应该加以指导。,0
862,如果是口语课那么学生讨论时间应该更多一些 最后的展示环节也应该给学生更多时间 ,0
863,用几个主问题作为抓手，可能能给孩子们提供更多的思考时间，教师的课堂语言适当减少,0
864,学生主体不应该仅仅是把过多的时间给学生，更应该思维的积极应用,0
865, 环节活动有些仓促。,0
866,课堂前半部分花费时间过多，教师主导时间过长，不敢放手让学生自己去学习。,0
867,应该再加强互动,0
868,教师应该引导学生回答问题,0
869,生字是难点，要分清楚四会和二会的教法,0
870,第一课时教学主要解决的是生字词和文章大意，在生字词的处理方面，要注意二会字和四会字的区分。,0
871,要注重学习方法的培养，多注意阅读材料的选择,0
872,二会字写话没有必要。阅读材料我觉得不应该有那个我会猜，因为我会猜本人觉得选的材料不好，选读应该选个正面正面意义的就是做事情结局成功的。对学生的教育意义更大。,0
873,深度不够，整堂课的教学目标达成了一半,0
874,教学活动少,0
875,如果增加一些学生活动可能更好,0
876,复习课中教师应该只起到一个活动组织者的作用。,0
877,如何设计和寻找适合学生认知能力的拓展听读材料是教师应该关注的问题，在好多课堂上，教师提供的拓展听读材料都与学生的认知能力及课时目标不大相符！,0
878,要注意循循善诱，逐步引导学生思考问题及分析事件与人物。,0
879,为了符合211的模式，压缩了文本学习的时间，学生对文本到底掌握了多少？后面的拓展阅读，在这么短的时间内学生到底能提取哪些新的信息，与后面的写话是否脱节,0
880,在211模式下，更加体现教师处理教材、驾驭教材的能力，对教师提出了更高的要求。在这篇课文的教学中，朗读训练没能有效落实，学生的主体性突显不够。,0
881,加强生生之间的交流,0
882,体现了教师的主导性，但是学生的主体性有待加强。,0
883,概念图的运用没有深入，没有发挥具体作用,0
884,习作教学中，概念图的用途确实有，但是跟之前我们要求学生习作之前列提纲有什么区别呢？,0
885,学生主体性体现不够明显,0
886,讲得有点多,0
887,教师讲解过多了，没能让学生充分思考，发挥主动性。,0
888,学生说的少,0
889,课堂教学教师应该注重各环节的有效重组，通过合理的顺序安排和时间安排实现高效课堂。,0
890,导入对话不需花过多时间。,0
891,推广性可能不是很好，应该多给学生一些自主性,0
892,老师可能应该把速度放慢一点，有些同学可能跟不上节奏。,0
893,多和学生进行互动，老师不能只一味进行单方面的传授,0
894,我不太喜欢这个老师的上课方式。一节课中给学生的压力好大，整节课给人一种紧张的感觉,0
895,1.教学要充分调动学生的主动性，而不是一味的干枯的讲授 ,0
896,网络平台的应用往往会出现很多问题，不建议在课堂中重复使用;教师逐步引导学生探究的过程值得学习,0
897,感觉课堂节奏太快，与学生的互动过于频繁，好像有一种在赶进度的感觉，没有站在学生角度设计课堂,0
898,不应为了设置活动而增加一下无用的活动，学生的言语交际重在平时不断的积累。是否可以使用概念图对长篇记叙类的文章进行呈现？,0
899,个别环节无效,0
900,除了师生示范和生生示范，可以适当增加两两对话，否则大部分学生没有机会说话,0
901,怎么让一节课在大容量的输入时不会让教师和学生感到多感到累,0
902,绘本插入正常教学，内容是否太多了,0
903,这样的教学必须在学生良好的基础上进行，农村孩子不适合。,0
904,阅读、写话环节时间还是紧了点，有些孩子还没写完，没有很好的展示,0
905,教学方式只有提问教学，有些学生积极性很高，但是没有被教师注意到,0
906,这个课是一个比较好的表演课。拿一个新的班能否有这么好的效果？我感觉这堂课过于依赖iPad了 学生没有时间反馈思考，一直在不停地听，操练，表演,0
907,教学内容丰富，环节多且紧扣，但是是否对于40分钟来说太多？是否减少一些教学内容？,0
908,在使用技术时，教师可能更多关注学生作品和成果的展示，教师本人对学生表现的评价和反馈会显得比例太小。是否要平衡一下。,0
909,不应该被技术限制住，有些活动用书本也可以，不一定非要用ipad。,0
910,写法指导与迁移运用体现不足,0
911,朗读能力训练 学生需要在读上加强,0
912,1. 关于课文处理：本课对于学生课文的处理还在较浅层面，没有深入挖掘，教师可以通过孩子前两后次对千人糕的不同认识为突破点，以此为中心进行文本的深入挖掘，以点带面 ,0
913,2. 关于学生写话支架的设置：学生写不出来的主要原因有一是词的积累不够，教师的写法渗透还有待加强，因此建议教师可以给一些例如关键词、句式的示范，来帮助学生完成拓展写话这一环节 ,0
914,3. 在写话题目的设置还需要涉及到学生对主旨道理的理解上。,0
915,1.课堂提问采用多种回答方式：如集体回答、举手者回答，更多采用点名提问，保证全班都能投入到学习中。 2.课程安排时间不合理，教师还未总结便打了下课铃。,0
916,协同合作在教学中有待积极探讨，提高教学效果。,0
917,道德与法治课应该多与学生的实际生活结合起来，而不是单纯的说教式灌输。,0
918,老师们均未体现小组合作下的识字，下一次需要着重强调,0
919,对精加略课型的第二课时的目标把握不够。,0
920,数学课课件演示不能替代板书。,0
921, 2.课程安排时间不合理，教师还未总结便打了下课铃。,0
922,在新词教学时呈现在一张ppt上，是否布局过于拥挤和没有神秘感，学生学习失去期望新知的劲头！,0
923,     在写话环节怎么能真正意义上调动孩子的积极性，不是为写话而写话。是发自内心深处有话可说，要结合生活实际。,0
924,可能是因为小学课堂，所以对整节课都没有任何兴趣,0
925,与学生的互动环节期待改善,0
926,1.概念图本文内容，仅为植物，学生思维受到限制，用于去梳理生命的不同点。 ,0
927,评价方面，小组评价及学生评论少了。,0
928,第二次上课的方式方法，复习课，这篇课文教什么，怎么教，教学目标是否达成，学生主体没有体现，要基于学情来设计,0
929,1.课堂提问采用多种回答方式：如集体回答、举手者回答，更多采用点名提问，保证全班都能投入到学习中。 2.课程安排时间不合理，教师还未总结便打了下课铃。,0
930,对于小组合作学习方式的设计需要更加合理,0
931,对于刚步入四年级的学生而言，他们虽然对于写景文章有初步的认识，但他们在联系上下文、理解词句的意思，抓住关键词句，体会其在表达情意方面的作用上还是存在较大的难度。此外，钱塘江大潮离学生的生活实际较远，学生较难感受体会其奇特、壮观的景色，这就要创设好情景,0
932,节奏太快，学生思考的时间少了点。,0
933,语言训练点的选择没有基于教材，基于学生，基于学段目标。,0
934,朗读指导要舍得时间，必要时要示范朗读。,0
935,拓展阅读要给孩子静静阅读的时间和空间，注重良好阅读习惯的培养。,0
936,会认字，会写字教学设计缺少层次性。,0
937,教师需要注重细节把握。,0
938,感觉在最后点评过于简单,0
939,作文教学本就难,0
940,复习课的讲授时，对学生能力要求可再提高一些，课堂上可适当给予学生互动的空间。,0
941,要加强教学过程的趣味性,0
942,建议适当增加拓展阅读的量，分为必读和选读 建议ppt出示具体的写话要求，不只是口头上说一下,0
943,数字乐园的情境性没有很好突出出来，概念图的运用比较机械。,0
944,如果能留点时间，让学生展示读，或者比赛读，让学生通过朗读来更好体会诗人的内心世界，是否会更好。,0
945,1.概念图并没有在写作之前让学生完成，而是老师帮助学生进行梳理,0
946,2.评改环节展示的有些少 ,0
947,3.学生自主说的时候并没有达到本单元生命主题的范畴，还需要教师多引导,0
948,习作反馈的是老师准备的内容，如果把习作难度降低，反馈学生作品会不会好些？,0
949,教学环节比例问题，感觉教学任务过多,0
950,重点不够突出。,0
951, 拓展阅读材料略少，建议适当增加,0
952,1.教师本节课的课文理解，未能放手让学生合作探究理解课文。 ,0
953,本课教学基本流畅，但是对目标的实现还不是很到位。如精读感悟部分要让学生充分的读，不要用教师的讲解代替学生在读中的感悟！教师要留给学生思考和感悟的时间。,0
954,1.导入、读课文获得大意，识字指导与检测，环节教师引导为主，学生自主动手探究合作的时间较少。,0
955,魏老师关于生字的处理不够深入，没有能够将本课中的重点生字做详细的介绍，对讲解生字的三个维度，还要再进行深入的思考,0
956,列提纲环节时间太长，导致习作任务没有完成。,0
957,发音不规范。语速较快。操练单词时应请学生进行反馈。,0
958,课后习题告诉我们三个教学目标，一是感情读文。二是概括复述的训练。三是创意表达。可惜教师没有提练出这三点来。,0
959,教师在学生学习中没有体现出主导作用。,0
960,板书设计不规范,0
961,对于圆周长的由来发展问题。 整节课节奏紧凑，有压力。,0
962,老师未能随时注意学生的听课情况，并与学生进行及时的互动,0
963,背景材料较少，且阅读时间减少 ,0
964,没有引导梳理文章结构，要引导学生,0
965,第二课时的拓展材料应该是写法的迁移，而不仅仅是景物的赏析,0
966,写作的时候没有给支架。,0
967,精加略课堂模式掌握不到位,0
968,为有效引导学生进行表达，可以为学生提供形式多样的写作支架。缺少了反馈评价。,0
969,课堂无法有效设计情境时，是否可以考虑借用概念图围绕主题创设大情境。,0
970,课前学生学习微课效果不好 例题导入 练习养成习惯 平板练习根据学情取消 代入消元目标达成。 ,0
971,主题阅读和主题写作两课时的设计应该从整体出发，不建议单独进行一课时的备课。,0
972,没有注意小组探究合作的实施。,0
973,如何让小组合作更有效?对于不同类型的课文，小组合作不一定都适合，不能为合作而合作。,0
974,小组合作没有能好好运用,0
975,思维导图部分不能简化，为习作和评议省出时间,0
976,学生的阅历不多，写起来较难。,0
977,新课题教师没有明确211模式中两课时的教学目标。,0
978,当信息技术在课堂结合的时候出现问题时，应该及时想出替代的解决办法。当教师停留于对把控课堂的进度时，是否可以通过平台解决？,0
979,教学环节的设计目标不明确,0
980,本节课内容离学生生活较远，学生对插秧，采桑都比较陌生，教师可以多给予引导。,0
981,字词未有效识记和理解运用。,0
982,识字是第一课时的重点内容，时间不够，孩子没有充分讨论识记生字的方法。,0
983,能不能不要过多局限孩子们的思维，让他们想象力更加丰富。,0
984,学生上台展示分享，其他同学应该认真倾听，否则就毫无意义,0
985,概念图可以画简单一些。,0
986,一直困扰我的问题？每次是不是应该确定一个核心有目的地修改作文？,0
987,课程中应该多设计一些创新点，吸引学生注意力，调动学生的积极性。,0
988,课时目标分配方面不合理，需要将部分环节放到第二课时中。,0
989,211模式让我在课堂上有些慌乱，学生收获值得反思。,0
990,没有关注学困生的课堂表现。,0
991,不足的地方就是课堂气氛未调动起来，不够活跃，其他的都挺好的。,0
992,概念图在教学中的应用,0
993,上课时间的控制不好把握,0
994,没有调动学生的积极性,0
995,忽视常规。对学生估计过高。对老师估计过高。,0
996,写话没有与生活情境结合,0
997,学习活动的层次性方面不足,0
998,语言运用环节，学生说的有点少，展示的机会不多,0
999,1.教学的重点和难点没有根据教学目标，结合学生实际情况确定，对于识字书写指导难点生字也没有结合学生的反馈进行指导。,0
1000,语言运用环节，学生说的有点少，展示的机会不多,0
1001,结合点选择有问题，建议从多方面去找精读和略读课文的结合点，如内容，特点，学法等,0
1002,对于课文内容的的讲解并不需要教师采用逐段讲解的方式，应该充分发挥学生的主体作用。,0
1003,英语教学没有培养学生的听说读写能力，建议可以与情境教学，口语交际法相结合，激发学生的学习兴趣，掌握枯燥的语法知识。,0
1004,不能实现差异教学,0
1005,学生读课文时间较少,0
1006,没有引导学生建立所学知识与现实生活之间的联系，引导学生将所学知识运用到实际生活中。,0
1007,现场报道的环节可以作为最后的综合输出，教师搭建说话的框架，借助黑板的概念图引导学生说，而不是出示所有的内容让学生读,0
1008,识字教学会认字教什么，会写字教什么？整堂课齐答环节过多，不利于学习效果评价。,0
1009,课文朗读缺少指导。,0
1010,识字写字学习环节不够扎实，缺少课文的整体感知。,0
1011,教师没有教会学生读准声母,0
1012,教师没有联系学生生活经验，缺乏采用多种教学方法帮助学生认读拼音,0
1013,教师没有教给学生识字方法，学生不会使用多种方法识字,0
1014,教师未能根据学生的识字难点给予及时的指导,0
1015,教师未能采用字形、偏旁等汉子知识及时指正学生写得错别字,0
1016,教师的书写水平较低，不能对学生的书写起到示范作用,0
1017,教师没有引导学生注意视力和骨骼健康，没有指导提醒学生写字姿势,0
1018,教师未能按照书写练习规律，没有指导学生写好硬毛笔字,0
1019,教师不能专业地指导学生临摹名家碑帖,0
1020,忽视了学生阅读兴趣与阅读习惯地培养,0
1021,教师未能培养学生的思想情感,0
1022,未能指导学生理解词句意思、把握文章内容、展开想象等,0
1023,教师没有引导学生感知、理解与运用阅读材料中的言语形式,0
1024,教师没有教会学生使用常见的阅读策略,0
1025,教师未能依据文本关键点和学生疑难处，没有明确课文的教学点，难以确定阅读教学目标,0
1026,教师未能比较课文若干教学点的教学价值吗，难以明确课文教学难点,0
1027,教师未能分析学生的学习起点与教学目标的落差，难以选择相应的阅读教学路径,0
1028,教师未能采用主题阅读、专题阅读、比较阅读等方式，难以根据学习需要重组课文,0
1029,教师没有引导学生学习常见的阅读方式,0
1030,整本书阅读的课程设计不合理，难以顺利开展阅读活动,0
1031,教师未能根据学生年龄段的特点推荐阅读书目,0
1032,教师不能根据作品特质和学生实际制定学年或学期共读计划,0
1033,教师未能从儿童视角解读文本，难以设计适合学生成长的整本书学习任务,0
1034,教师没有使用有效的方式组织学生分享阅读经验,0
1035,教师缺乏写作知识，没有给学生提供适当的写作机会,0
1036,教师缺乏丰富而完整的写作知识,0
1037,教师缺乏丰富而完整的文章知识,0
1038,设计的写作任务不真实，难以激发学生的写作动机,0
1039,难以准确分析完成写作活动的条件和要求,0
1040,教师不能判断学生完成写作任务的主要困难或问题，没有给学生提供写作支架,0
1041,教师没有指导学生及时修改自己的作文，学生没有掌握修改习作的方法,0
1042,教师没有教给学生多种修改策略，学生不知如何修改作文,0
1043,教师没有为学生提供评价量表或评改样例，未组织学生互相评阅习作,0
1044,教师没有引导学生比较修改前后习作的变化，没有帮助学生反思,0
1045,教师不重视学生写字与标点的规范，没有指导学生校订及排版,0
1046,教师没有给学生提供展示与交流习作的机会,0
1047,教师没有针对写作任务的学习元素评价习作，未能围绕写作学习的成效和共性问题进行习作讲评,0
1048,教师缺乏采用多种评价方法分析学生的习作，不能为学生提供反馈,0
1049,教师没有指导学生写作策略，学生不知如何审题、构思与选材等,0
1050,教师未能根据学生的写作需要为其提供写作学习支架,0
1051,教师没有营造主动写作的氛围，学生害怕写作,0
1052,教师未能指导学生语篇衔接与连贯的方法,0
1053,教师不能分解倾听的学习元素，没有指导学生逐渐学会不同场景、基于不同目的的倾听,0
1054,教师未能发现学生日常口语交际中的缺憾，未能分析原因并生成学习元素,0
1055,教师未能提炼学习元素，没有指导学生逐步形成在正式场合的讲述、转述、解说、评论、讨论、协商、主题发言等口语表达和交流能力,0
1056,教师没有利用或创设一些较隆重场合的活动，以磨练学生口语表达和交流的技巧,0
1057,教师没有引导学生反思自己在日常口语交际活动中的表现,0
1058,教师没有指导学生在逼真场景中掌握正式场合倾听、表达和交流的学习元素,0
1059,教师没有利用或创设较隆重的真实任务组织学生事先反复演练,0
1060,教师未能运用表现性评价工具对学生口语交际学习的表现进行过程性评价,0
1061,教师不理解综合性学习对培养学生语文素养的独特价值，没有理解综合性学习基于真实任务、注重活动过程、强调合作学习等特点,0
1062,教师不了解综合性学习的不同综合方式，也不了解综合性学习的不同活动类型,0
1063,教师未能整体规划学期、学年、学段的综合性学习活动，活动的密度和梯度力求合理,0
1064,教师不能根据任务和活动类型恰当选择观察、实验、网页设计等活动形式,0
1065,教师未能根据学生的实际设计综合性学习的具体任务,0
1066,教师不能合理分解任务，没有明确学生的角色分工，不能制定清晰、可操作的活动流程和步骤,0
1067,教师不能提供或指导学生获取文本、图片、视频、表格、样例等开展综合性学习活动的资源和支架,0
1068,教师未能指导学生运用小组合作的多种形式开展综合性学习,0
1069,教师未能及时发现学生在综合性学习活动中的困难和问题,0
1070,教师未能关注学生的个体差异,0
1071,教师未能指导学生形成综合性学习的有形成果，没有组织学生用多种方式展示和交流,0
1072,创设的情境脱离学生的生活情境，不能激发学生的学习兴趣（动机/积极性）,0
1073,导入环节缺少情境性，没有创设真实的学习情境,0
1074,导入环节创设的情境不真实，不能引起学生的注意,0
1075,创设的仿真情境无法引起学生的注意,0
1076,导入方法没有抓住课题的关键词，也没有有效地引导学生思考,0
1077,导入时没有抓住课题的形式特点引导学生深入思考,0
1078,导入时没有抓住人物的关系引导学生思考,0
1079,导入时没有激发学生的疑问，学生不敢兴趣,0
1080,教师的语言单调乏味，不真实，没有创设浓厚的学习氛围,0
1081,教师的语言缺乏激情，没有点燃学生学习的热情,0
1082,呈现的背景资料过难，没有为新知的学习做好铺垫,0
1083,对背景介绍地太简单、笼统，没有起到加深学生对作家、作品的感知,0
1084,使用的背景性资料（资源）质量不好，不清晰,0
1085,学生对倍的概念认识，在每次总结时，用自己的语言表达存在一些难度,0
1086,复习的知识内容与本课新知无关，没有与新知建立联系，也不能为新知的学习奠定基础,0
1087,复习旧知的时间过长，过于琐碎,0
1088,课程开始的积累环节用时较多，可考虑删减部分,0
1089,演示的视频（动画/图片）画质不清晰，声音太小,0
1090,选择的视频（动画/图片）等网络资源与本节课的知识无关,0
1091,谈话内容没有与课文内容紧密联系，没有激发学生的学习兴趣,0
1092,教师不熟悉学生平时的生活经验，导入活动未能建立学生生活与教学之间的联系,0
1093,设置的悬念或问题与课文内容无关,0
1094,设置的悬念或问题过于简单，没有激发学生的好奇心,0
1095,导入时间过长、拖沓,0
1096,提出很多琐碎的问题，没有紧扣文章的中心设计主问题,0
1097,课堂教学碎问碎答现象严重，提问过于频繁，数量过多,0
1098,以教师提问为主，没有鼓励学生对课文进行质疑,0
1099,没有引导发展学生主动发现问题、提出问题的意识,0
1100,问题之间没有层次性，连问追问现象严重,0
1101,重复问题和重复学生的回答，浪费大量时间，降低了课堂教学效率,0
1102,问题多而杂，串讲串问现象严重,0
1103,提问不能有效地引发学生进行联想与想象,0
1104,提问脱离学生的生活情境,0
1105,问题没有激发和引导学生思考与讨论,0
1106,问题无法促进学生的思维迁移,0
1107,提出的问题多为低认知水平事实性问题，难以促进学生的高阶思维发展,0
1108,问题之间没有层次性，连问追问现象严重,0
1109,问题表达不清晰，指向性弱，不符合教学目标和学生的认知水平,0
1110,候答时间较短，影响问答的质量,0
1111,叫答的学生范围较小，多集中在极个别学生,0
1112,对学生的回答多持否定、消极的反馈,0
1113,学生回答方式单一，多为集体回答,0
1114,教师总结时没有结合本课的教学重点，没有归纳本课学习的主要内容，没有总结规律、特点或主题,0
1115,以教师为主，没有引导学生参与总结的过程，没有引导学生回忆、归纳并再次领悟获得知识经验的过程,0
1116,教师没有引导学生积累好词佳句，也没有引导学生学习积累的方法,0
1117,教师的语言缺乏激情，没有感染力，无法引导学生深入思考,0
1118,教师没有留给学生足够的时间进行质疑，不利于培养学生发现问题、提出问题的能力,0
1119,选择的拓展阅读资源与课文内容无关，难以拓宽学生的阅读视野,0
1120,教师没有引导学生将本课学习的知识与技能迁移到生活中，也没有启发学生联系已有的生活经验,0
1121,教师提出的阅读要求没有激活学生的原有知识,0
1122,教师在阅读教学中没有引导学生使用筛选信息的策略,0
1123,教师在阅读教学中不得其法，以致学生没能学会正确全面地进行开阔,0
1124,教师没有培养学生使用阐释推理的策略,0
1125,教师没有培养学生使用连接推理的策略,0
1126,教师没有抓住文章的反常处引导学生质疑，未回应学生的问题,0
1127,教师没有引导学生边阅读边回顾、评价、总结自己的阅读过程，未曾引导学生及时做好批注或标记,0
1128,教师的阅读教学脱离具体的语境，未能结合语境引导学生理解文本内容,0
1129,教师的阅读教学未能联系作者的写作背景,0
1130,教师的阅读教学没有联系生活实际理解文本内容,0
1131,缺乏活动支架的支撑，导致主体活动难以顺利开展,0
1132,缺乏知识支架的支持，导致学生不能顺利完成学习活动,0
1133,缺乏表格或概念图等思维支架的支持，学生难以完成学习任务,0
1134,缺乏范例、案例等拓展资源的支持,0
1135,没有给学生提供自主学习的机会,0
1136,自主学习的时间安排不合理,0
1137,合作学习的任务太简单了，不适合开展小组合作学习,0
1138,合作学习的时间不够，活动流于形式,0
1139,合作学习的成员分工不清晰，职责不明确，没有形成合作的氛围,0
1140,合作学习的成果要求不明确，学生不知道要呈现什么样的小组成果,0
1141,合作学习效果评价环节缺失,0
1142,探究的问题无意义,0
1143,没有给学生提供体验知识形成过程的机会,0
1144,体验学习活动的时间不充足,0
1145,朗读指导不当，难以提高学生对课文理解的程度，学生也没有受到情感熏陶,0
1146,教师没有教给学生默读的方法、默读速度等默读能力,0
1147,教师没有引导学生学习诵读的方法，学生难以把握文章的思想内容和情感,0
1148,教师没有引导学生学习复述的方法,0
1149,教师不能引导学生整体把握文本内容，学生难以快速捕捉关键信息,0
1150,教师不能调动学生已有的阅读和生活经验咬文嚼字，难以引导学生加深对文本的理解和感悟,0
1151,教师难以引导学生采用扫描和跳读的方式查找信息,0
1152,教师没有引导学生采用做笔记的方法记录阅读心得、困惑等,0
1153,教师没有指导学生在阅读的过程中积累词语和句段,0
1154,学生没有习得批注的方法,0
1155,讲授内容多集中在低水平的认知活动上，脱离学生原有知识经验,0
1156,讲授语言不利于发展学生的高水平思维能力，尤其是创造性思维能力,0
1157,教师运用讲授式教学，易于照本宣科，变成满堂灌，学生被动接受,0
1158,教师选择的讨论问题多为事实性的封闭问题，不适宜开展讨论式教学,0
1159,教师没有组织学生围绕有争论的观点展开讨论，没有抓住学习的重、难点展开讨论,0
1160,教师设计封闭性问题组织学生讨论，难以激起学生的深入思考，也不能培养学生解决问题的能力,0
1161,缺乏讨论材料，学生无法顺利开展讨论活动,0
1162,教师选择的讨论时机不当，学生无法集中精力开展讨论,0
1163,教师选择的讨论方式未能激发学生开展小组讨论活动,0
1164,缺乏对讨论活动的引导，学生没有习得倾听、清晰表达等讨论技能,0
1165,教师没有引导学生总结讨论的观点，未及时修正讨论活动中出现的问题,0
1166,教师没有营造平等、宽松、愉悦的教学氛围，难以引导学生从被动地学变为主动地学,0
1167,教师没有充分发挥教师“教”和学生“学”两方面的积极性，教师主导教学过程，学生参与互动的机会少,0
1168,教师没有引导学生质疑、调查、探究,0
1169,教师设计了太多的教学问题，使教学变成了满堂问,0
1170,缺乏以师生、生生、小组之间的相互合作为基础,0
1171,教师没有创设探究式教学的情境，难以激发学生的研究兴趣,0
1172,教师的设疑没有引发学生的质疑探究，不利于帮助学生透彻理解文本语言,0
1173,缺乏引导与鼓励学生提出研究问题,0
1174,学生小组成员没有指定明确的分工，学生缺乏小组合作技能,0
1175,教师没有教给学生制定研究计划的方法，未曾提供研究计划模板、表格等支架,0
1176,教师没有指导学生开展合作探究活动的方法,0
1177,教师没有指导学生撰写规范的研究报告,0
1178,缺少研究成果展示与汇报的环节，学生未能以小组为单位展示合作探究的成果,0
1179,教师没有成功地营造表演的情境，未曾激发学生的表演热情,0
1180,难以根据学生特点合理分配表演角色,0
1181,表演任务设计过难、模糊，任务说明不清晰,0
1182,表演活动安排杂乱，学生不能有序地开展表演活动，分工不清晰,0
1183,教师没有引导学生开展表演反思,0
1184,学生没有习得批注的方法（如对内容的概括、自己的联想和体会、质疑或提出不同的看法），无法提高阅读效率和语文能力,0
1185,两课时教学目标划分不清晰,0
1186,211模式时间分配不符合规范,0
1187,时间分配不合理，教师讲解时间过多,0
1188,时间安排有问题，不符合211模式的原则,0
1189,整节课的时间安排不恰当，前松后紧,0
1190,拓展阅读环节，时间安排过短,0
1191,拓展阅读的时间不够,0
1192,拓展阅读的时间过长了,0
1193,写话时间设置不合理,0
1194,写话时间过少,0
1195,写话时间安排地不充分,0
1196,写话时间分配得过多,0
1197,拓展阅读目标定位不清晰,0
1198,拓展阅读目标设计得不合理,0
1199,使用的拓展阅读材料太难了，没有层次性,0
1200,拓展阅读材料过长，学生很难读完,0
1201,选择的拓展阅读材料太容易（简单）,0
1202,选择的拓展阅读材料不符合教学（学习）目标，不能为教学（学习）目标服务,0
1203,拓展阅读材料数量不够（篇目不够/过少）,0
1204,拓展阅读任务不明确不清晰,0
1205,拓展阅读任务太难了太多了,0
1206,拓展阅读任务太简单,0
1207,拓展阅读指导不足，未给予学生及时的反馈指导,0
1208,拓展阅读指导语不明确，学生没有理解教师的用意,0
1209,拓展阅读环节较为混乱，课前准备可以再充分些,0
1210,拓展阅读指导语太碎，指令不清晰,0
1211,写话目标定位不清晰,0
1212,写话目标设计得太大了,0
1213,写话目标设计得不好,0
1214,写话题目太难了,0
1215,写话题目不聚焦，太笼统,0
1216,写话题目太简单,0
1217,写话题目设计得不好，脱离学生生活情境,0
1218,写话任务不明确不清晰,0
1219,写话任务太难了太多了，没有支架辅助,0
1220,写话任务太简单,0
1221,写话作品千篇一律，没有新意,0
1222,写作作品太空洞了，脱离生活实际,0
1223,写话指导不足，未给予学生及时的反馈指导,0
1224,写话指导语不明确，学生没有理解教师的用意,0
1225,写话指导语太碎，指令不清晰,0
1226,写话指导的时机（时间）有问题,0
1227,拼音课的两个课时教学目标分配不合理、不清晰,0
1228,第一课时的教学目标没有围绕字母认读与书写开展，未能有效完成教学目标,0
1229,第二课时的教学目标没有围绕字母拼读的方法、认借助拼音认读生字开展，未能有效完成教学目标,0
1230,没有围绕教学重难点设计教学活动，活动的层次性不好,0
1231,创设的情境脱离学生的生活情境，不能激发学生的学习兴趣（动机/积极性）,0
1232,导入环节缺少情境性，没有创设真实的学习情境,0
1233,导入环节创设的情境不真实，不能引起学生的注意,0
1234,逐个处理拼音，教学效率不高,0
1235,教学环节之间过渡不自然,0
1236,拼读教学缺乏层次性,0
1237,教学重难点不突出，所有内容平均着力，导致课堂时间浪费。,0
1238,拼读教学不注意示范，示范拼读没有代表性,0
1239,拼读教学没有注重学习方法的总结与迁移运用，效率不高,0
1240,没有引导学生使用小组协作（合作）、自主拼读等学习方法,0
1241,没有引导学生在四线格中规范书写拼音,0
1242,拼读时间不够,0
1243,教师反馈指导太多（过多）,0
1244,学生不开口读书，学生阅读的积极性不高,0
1245,忽略对学生的个别指导，教师没有对拼读能力比较差的学生进行个别指导）,0
1246,拓展阅读材料选择不合适,0
1247,设计得说话（写话）题目太难了，学生写不出来,0
1248,设计得说话（写话）题目与学生的生活情境脱离,0
1249,没有给学生提供说话（写话）的支架，没有提供具体形象的图画材料,0
1250,复习旧知占用时间过长（过多）,0
1251,复习活动流于形式，没有建立新旧知识之间的联系,0
1252,复习活动形式单调，不能激发学生的学习兴趣（积极性/动机）,0
1253,没有提供给学生观察的时间与机会，教师主导过多,0
1254,教师逐个讲解生字，缺乏对识字方法的讲授与引导，没有给学生提供迁移运用的机会,0
1255,拓展阅读材料不符合课时目标，没有包含本节课所学的拼音，没有起到巩固汉语拼音的目的,0
1256,拓展阅读材料参差不齐，增加了学生的自主阅读的障碍,0
1257,呈现的图画没有体现本节课的知识点，画面模糊不清,0
1258,看图说话环节的引导不清晰，学生说不出来,0
1259,识字课的两个课时教学目标分配不合理、不清晰,0
1260,第一课时的教学目标没有围绕识字与写字开展，未能有效完成教学目标,0
1261,第二课时的教学目标没有围绕课文的理解开展，未能有效完成教学目标,0
1262,创设的情境脱离学生的生活情境，不能激发学生的学习兴趣（动机/积极性）,0
1263,没有引导学生学习识字方法，没有培养学生迁移运用识字方法的习惯,0
1264,没有纠正学生的笔顺笔画以及在田字格中的占位,0
1265,教师没有引导学生观察生字的间架结构,0
1266,老师没有在田字格中范写生字,0
1267,忽视了引导学生书空的习惯与意识,0
1268,没有让学生描红,0
1269,没有让学生在田字格中练习生字,0
1270,教师范写的时候没有让学生来说笔画老师写 ,0
1271,没有处理好识字与拼音的衔接问题，不能很好地巩固拼音,0
1272,尚未处理好认字和写字的关系,0
1273,拓展阅读材料的选择不符合课时目标,0
1274,拓展阅读未留给学生足够的时间进行大量的阅读,0
1275,拓展阅读仅仅局限于一篇扩展阅读材料,0
1276,扩展阅读环节教师检测和反馈过多,0
1277,使用的拓展阅读资源没有包含本节课学习的生字词，未起到为教学目标服务的目的,0
1278,写话环节没有围绕本课的生字词开展，脱离了课时目标,0
1279,复习旧知占用时间过长（过多）,0
1280,复习活动流于形式，没有建立新旧知识之间的联系,0
1281,复习活动形式单调，不能激发学生的学习兴趣（积极性/动机）,0
1282,教师语言的指向性还可以更加明确些，过渡语还可以再自然些,0
1283,朗读指导得不好，学生没有掌握朗读的方法,0
1284,朗读的形式单一，学生读不出语气语调，缺乏情感,0
1285,教师语言指向不明，过渡不自然,0
1286,教学问题琐碎，缺乏层次性,0
1287,选择的拓展阅读材料没有达到深化本课主题的作用,0
1288,拓展阅读材料的选择不符合课时目标,0
1289,拓展阅读未留给学生足够的时间进行大量的阅读,0
1290,拓展阅读仅仅局限于一篇扩展阅读材料,0
1291,扩展阅读环节教师检测和反馈过多,0
1292,拓展资源不符合本课时的目标，不能帮助学生感悟本课的主题,0
1293,教师设计的写话主题太窄，限制了学生的思维,0
1294,要求说话或写话的内容与本文主题无关,0
1295,教师未能依据文本关键点和学生疑难处，没有明确课文的教学点，难以确定阅读教学目标,0
1296,教师未能依据学生特点与教学内容确定清晰的阅读课教学流程,0
1297,教师未能依据学生特点与教学内容确定清晰的写作课教学流程,0
1298,教师未能针对学生遇到的写作问题提供及时的指导,0
1299,教师未能依据学生特点与教学内容确定清晰的口语交际课教学流程,0
1300,教师未能依据学生特点与教学内容确定清晰的综合实践课教学流程,0
1301,教师未能依据文本关键点和学生疑难处，没有明确课文的教学点，难以确定单元导读课的教学目标,0
1302,教师未能依据学生特点与教学内容确定清晰的单元导读课教学流程,0
1303,教师设置的单元导读课课时分配不合适,0
1304,精加略课型三个课时教学目标分配不当,0
1305,教师未能依据学生特点与教学内容确定清晰的精加略教学流程,0
1306,精加略课型三个课时时间分配不当,0
1307,教师未能依据学生特点与教学内容确定清晰的单元主题阅读课教学流程,0
1308,单元主题阅读课时间分配不当,0
1309,教师未能依据学生特点与教学内容确定清晰的单元主题写作课教学流程,0
1310,单元主题写作课时间分配不当,0
1311,否定或忽视学生的回答，以消极的态度应对学生的回答,0
1312,教师的否定性评价缺乏艺术性，未指出学生错在何处,0
1313,教师忽视学生的回答，未对学生的回答进行及时补充,0
1314,教师未对学生的表述进行归纳概括,0
1315,教师没有纠正学生的偏差行为,0
1316,教师面临突发事件的表现为脸上变色、惊慌失措,0
1317,教师面临突发事件的感知为一知半解,0
1318,对突发事件的分析判断受表面现象所迷惑,0
1319,突发事件的处理迟疑不决,0
1320,课堂管理不规范，课堂秩序混乱,0
1321,教学氛围紧张,0
1322,师生互动低，以教师讲授为主,0
1323,生生互动弱,0
1324,班级文化氛围散漫,0
1325,教师板书随意，未起到引导学生注意力，帮助学生思考的目的,0
1326,教师的板书内容机械，不能随着课堂的变化和学生的表现做及时的调整，甚至对学生的发言置之不理,0
1327,教师板书设计不规范，书写潦草,0
1328,教师没有结合Vclass平台的优势合理运用其开展课堂教学,0
1329,教师没有结合Blackboard平台的优势合理运用其开展课堂教学,0
1330,教师没有结合Virtual-U平台的优势合理运用其开展课堂教学,0
1331,教师没有结合Moodle平台的优势合理运用其开展课堂教学,0
1332,教师没有结合4A网络教学平台的优势合理运用其开展课堂教学,0
1333,教师没有结合天空教室的优势合理运用其开展课堂教学,0
1334,教师没有结合E-learning教学平台的优势合理运用其开展课堂教学,0
1335,教师使用的学习平台操作复杂，学生难以使用平台顺利完成学习活动,0
1336,教师没有结合拼音类工具的优势合理运用其开展课堂教学,0
1337,教师没有结合识字类工具的优势合理运用其开展课堂教学,0
1338,教师没有结合写字类工具的优势合理运用其开展课堂教学,0
1339,教师没有结合阅读类工具的优势合理运用其开展课堂教学,0
1340,教师没有结合写作类工具的优势合理运用其开展课堂教学,0
1341,教师没有结合PPT的优势合理运用其开展课堂教学,0
1342,教师没有结合电子白板的优势合理运用其开展课堂教学,0
1343,教师没有结合实物投影仪的优势合理运用其开展课堂教学,0
1344,教师没有结合概念图的优势合理运用其开展课堂教学,0
1345,教师没有结合问卷星的优势合理运用其开展课堂教学,0
1346,学习工具操作程序复杂，难以促进学生完成学习任务,0
1347,教学资源与教学目标无关,0
1348,教师选择的学习资源与教学目标无关,0
1349,教学反思内容贫乏，缺乏对教学效果与学生学习情况的深入分析,0
1350,教学反思的深广度欠缺,0
1351,教学反思方法单一，流于形式，教学反思的实际价值没有得到切实的体现,0
1352,教学反思工具单一，没有详细记录各个时间段的教学反思,0
1353,教学反思过程不完整，仅仅叙述了教学过程,0
1354,评价目标与教学目标未能一一对应,0
1355,评价方式没有诊断与识别学生学习中存在的问题,0
1356,形成性评价不能客观、真实地呈现学生学习过程和教学过程，不能帮助师生反观学习过程和教学过程中存在的问题与改进的方向，未能及时调整学习和教学策略，没有获得预期的效果和预设的目标,0
1357,形成性评价不能明确学生的学习目标，难以促进学生保持良好的学习状态,0
1358,形成性评价不能检验学习目标达成度，难以诊断学生现有学习状况,0
1359,终结性评价不能够分析学生的学习结果，难以发挥检测、甄别等功能,0
1360,教师教学中以教师评价为主，没有体现多元化评价的理念,0
1361,互评不能够培养学生协作能力和合作精神,0
1362,互评不能够促进学生自我学习、自我发展和自我评价,0
1363,互评没有促进学生之间信息交流和共同进步,0
1364,学生难以借助自我评价了解自己的知识水平，难以发现自己的进步与不足,0
1365,教师评价不能激发学生的学习兴趣，难以调动学生的学习热情,0
1366,教师评价不能指出学生学习中存在的不足，难以帮助学生发现问题,0
1367,设计的家长评价目标不明确，评价内容模糊，评价方法难以实行,0
1368,教师没有发挥计算机评价的优势,0
1369,不能展现学生的成就和进步，难以描述学生学习的过程和方法，不能反映学生学习的情感和态度,0
1370,不能清晰地呈现学生的成长轨迹,0
1371,难以考察学生的语文学习态度、习惯，难以分析学生对语文价值的倾向,0
1372,不能有效地指导学生自评自改和互评互改,0
1373,难以检测学生知识、能力与素养水平,0
1374,不能够检测学生对知识的掌握情况,0
1375,不能够检测学生的演讲能力,0
1376,不能检测学生的朗诵能力,0
1377,教师能够教会学生读准声母、韵母、声调和整体认读音节，能准确地拼读音节，正确书写声母、韵母和音节,1
1378,能联系学生生活经验，利用做动作、编故事、念儿歌、表演、游戏等活动和现代信息技术，在富有趣味的情境中帮助小学低年级学生认读声韵调、拼读音节,1
1379,教师引导学生采用多种识字方法识字,1
1380,能应用象形、指事、会意、形声等知识，创设情境进行形式多样的识字教学活动,1
1381,能应用字形、偏旁、间架结构等汉字知识，分析学生写错别字的原因，及时进行针对性指导,1
1382,教师的书写水平较高，硬笔书写和板书对学生起到示范作用,1
1383,关心儿童的视力和骨骼健康，指导并经常提醒学生写字姿势,1
1384,能按书写练习规律，应用汉字和书写知识具体指导学生写好硬笔字,1
1385,了解毛笔书法及其所体现的人文精神，能较专业地指导学生临摹名家碑帖,1
1386,注重培养学生的阅读兴趣与阅读习惯,1
1387,教师注重培养学生的情感态度与价值观、审美情趣等,1
1388,指导学生理解词句意思、把握文章内容、展开想象等,1
1389,教师能够鼓励学生感知、理解，并在读写活动中运用阅读材料中的言语形式,1
1390,教师注重教会学生使用常见的阅读策略，对所读文本进行质疑、预测、验证与评价等,1
1391,能依据文本关键点和学生疑难处，明确课文的教学点，确定阅读教学目标,1
1392,能比较课文若干教学点的教学价值，明确教学重点，能预估学生自读状况，把握学生的学习起点，明确课文教学难点,1
1393,能分析学生的学习起点与教学目标的落差，选择相应的阅读教学路径，能针对课文教学点，选择促进学生理解和感受文本的语文知识，确定阅读教学内容,1
1394,能采用主题阅读、专题阅读、比较阅读等方式，根据学习需要重组课文，整合教学内容,1
1395,教师引导学生使用常见的阅读方式，如朗读、默读与诵读等,1
1396,整本书阅读的课程设计适当，阅读活动开展顺利,1
1397,了解适合不同学生年龄段的阅读推荐书目，在亲历阅读的基础上，积极而负责任地向学生推荐优秀作品，指导学生有品位地选择课外读物,1
1398,能根据作品特质和学生实际，选择班级共读的若干作品，制订学年或学期的共读计划,1
1399,能从儿童视角解读文本，从阅读兴趣、阅读能力、文学素养、身心成长等方面，设计适合学生成长的整本书学习任务，能围绕学习任务，从版本选择、导读引领、自读指导、交流话题、呈现阅读成果和阅读延伸等方面设计共读活动流程,1
1400,能组织班级读书会，采用大声朗读、故事讲述、话题交流、戏剧化表演等教学方式，组织学生分享阅读经验,1
1401,掌握基本的写作知识和写作教学知识，给学生提供多种语篇类型的写作机会,1
1402,教师具备完整的写作知识，如写作、写作活动、写作过程和步骤、写作策略、写作学习支架等方面的知识,1
1403,教师具备完整的文章知识，如从文章中归纳出来的语篇类型、语篇特征、章法、技巧等,1
1404,设计真实或拟真的写作任务,1
1405,准确分析完成写作任务的条件和要求，设计符合学生年段特征的写作活动,1
1406,估量学生完成写作任务的主要困难或问题，提供写作支架，引导学生解决问题,1
1407,指导学生修改自己的作文，并教给学生修改习作的方法,1
1408,能教给学生多种修改策略，指导学生在内容、结构、语句、字词等不同层面对习作加以修改,1
1409,能提供评价量表或评改样例，组织学生互相评阅习作，交流写作学习的体会,1
1410,能引导学生比较修改前后习作的变化，帮助学生反思、总结写作学习经验,1
1411,重视学生写字与标点的规范，指导学生校订及排版，必要时要求学生递交誊写稿或打印稿,1
1412,能利用墙报、班刊、网络等途径和方式，鼓励并指导学生展示、交流习作,1
1413,能针对写作任务的学习元素评价习作，围绕写作学习的成效和共性问题进行习作讲评,1
1414,教师运用多种评价方法评价学生的习作，为学生提供及时反馈,1
1415,教师能够指导学生习得写作策略，例如，审题、构思、选材、剪裁、组材、遣词造句、修改等支配和促进写作的有效方法,1
1416,教师能够根据学生的写作需要为学生提供的针对性帮助与写作学习支架，内含特定写作知识，例如：程序支架：围绕既定写作学习任务展开各种活动的行动指南；概念支架：帮助学生识别关键概念；策略支架：为完成某一任务或解决某一问题，提供多样化的方法和途径；元认知支架：支持个体管理自己的思维和学习过程，引导学习者进行反思。具体形式有：范例、提示、建议、向导、图表、解释等,1
1417,营造主动写作的氛围，激发学生的写作兴趣和意愿，鼓励学生写日记、随笔、读书笔记，尝试诗歌、童话、故事等创意写作,1
1418,教师指导学生注意语篇的衔接与连贯，教会学生语篇衔接与连贯的方法,1
1419,能分解倾听的学习元素，指导学生逐渐学会不同场景、基于不同目的的倾听，如获取信息式倾听、批判式倾听、情感移入式倾听等,1
1420,能发现学生日常口语交际中的缺憾，分析原因并生成学习元素，促使学生反思并改进,1
1421,能提炼学习元素，指导学生逐步形成在正式场合的讲述、转述、解说、评论、讨论、协商、主题发言等口语表达和交流能力,1
1422,能利用或创设一些较隆重场合的活动，以磨练学生口语表达和交流的技巧,1
1423,能采用事件回顾、视频观看、案例分析、应变游戏、协作游戏、情境测试等方法，引导学生反思自己在日常口语交际活动中的表现,1
1424,能采用角色扮演、场景模拟、团队游戏、沟通游戏等戏剧化方式，使学生在逼真场景中掌握正式场合倾听、表达和交流的学习元素,1
1425,能利用或创设较隆重的真实任务，如接待来宾、选拔面试、校园广播、家长会汇报、说故事大赛等，组织学生事先反复演练,1
1426,能运用表现性评价工具对学生口语交际学习的表现进行过程性评价,1
1427,理解综合性学习对培养学生语文素养的独特价值，理解综合性学习基于真实任务、注重活动过程、强调合作学习等特点,1
1428,了解综合性学习的不同综合方式，如听说读写的综合、语文学科与其他学科的综合、语文与社会生活的综合等，了解综合性学习的不同活动类型，如知识运用型、问题解决型、过程体验型等,1
1429,能整体规划学期、学年、学段的综合性学习活动，活动的密度和梯度力求合理,1
1430,能根据任务和活动类型，恰当地选择观察、实验、收集资料、实地调查、表演、办刊、网页设计等活动形式,1
1431,能根据学生的实际，设计综合性学习的具体任务，明确活动类型,1
1432,能合理分解任务，明确学生的角色分工，制定清晰、可操作的活动流程和步骤,1
1433,能提供或指导学生获取文本、图片、视频、表格、样例等开展综合性学习活动的资源和支架,1
1434,能指导学生运用小组合作的多种形式开展综合性学习,1
1435,能及时发现学生在综合性学习活动中的困难和问题，适时提供支持，调控活动进程，确保综合性学习活动顺利进行,1
1436,能关注学生的个体差异，有针对性地补充资源和支架，必要时调整具体要求,1
1437,能指导学生形成综合性学习的有形成果，并组织学生用多种方式展示和交流,1
1438,创设的情境紧密联系学生的生活，能够激发学生的学习动机,1
1439,导入环节创设了真实的学习情境,1
1440,导入环节创设真实的教学情境，引起学生的注意,1
1441,创设的虚拟情境能够有效地吸引学生的注意力,1
1442,课题解读时能够抓住关键词，有效引导学生思考,1
1443,课题解读时间合理，引导学生深入思考,1
1444,导入时能够抓住人物的关系，引导学生思考课题内容,1
1445,课题导入时能够激发学生的探究兴趣,1
1446,教师的语言丰富，情真意切，有感染力,1
1447,导入情感充沛，教学语言清晰,1
1448,呈现的背景资料能够为新知的学习做好铺垫,1
1449,背景介绍能够加深学生对作家、作品的感知,1
1450,使用的背景性资料或资源能够为教学目标服务,1
1451,背景介绍导入能加深学生对作家、作品的感知，有效拉近学生与文本的距离，引导学生正确理解课文、领悟课文所蕴涵的情意,1
1452,导入新课时，教师采用既能联系旧知，又能提示新知的导语，降低学生学习的难度，激发学生求知的欲望,1
1453,复习旧知的时间适当,1
1454,课程开始的积累环节用时适当,1
1455,充分利用直观教具和技术手段进行生动形象的演示，可以增加教学的直观性，创设良好的学习氛围,1
1456,选择的视频（动画/图片）等网络资源与本节课的知识紧密相关,1
1457,谈话导入既与课文内容紧密联系，又能自然地激发起学生学习的浓厚兴趣，拉近文本与学生的距离,1
1458,教师从学生已有的生活经验出发，结合所授课文的内容及其特点，调动学生的学习兴趣，建立学生生活与教学之间的联系,1
1459,设置悬念与文章的主要事件、主要人物或主要矛盾、情节紧密相关，引起学生的探索欲望，促使其积极主动地参与学习,1
1460,设置悬念充满趣味，牢牢吸引学生的注意力，激发学生学习兴趣，使学生产生悬念，带着问题进行学习，较好地达到增强记忆、发展智力、提高能力的教学效果,1
1461,导入时间长短适当，节奏紧凑，不拖沓,1
1462,提问紧扣文章的中心主旨,1
1463,提出的问题直指教学难点,1
1464,鼓励学生质疑和提问,1
1465,有效跟进学生所提问题，鼓励学生质疑和提问,1
1466,课堂提问循序渐进，脉络清晰，衔接自然，起伏合理，过程性强，符合认知规律,1
1467,提问有层次，有逻辑，循序渐进，有利于学生发展思维,1
1468,提问有层次，有逻辑，循序渐进，有利于学生发展思维,1
1469,教师善于捕捉文本中的空白处，于空白处设问，引导学生拓展思维,1
1470,提问围绕学生的生活情境开展，注重联系学生生活,1
1471,问题能够有效地激发学生讨论,1
1472,问题能够有效地促进学生思维迁移，富有启发性、激励性,1
1473,能运用不同水平的问题启发学生思考，并保证富有思维含量的高认知水平问题的适当比例，以促成学生探究发现,1
1474,课堂提问循序渐进，脉络清晰，衔接自然，起伏合理，过程性强，符合认知规律,1
1475,提问目的明确，问题表达准确、清晰，问题内容与难度符合教学目标和学生的认知水平,1
1476,问题呈现时机、密度恰当，停顿处理得当，有利于促进学生思考,1
1477,提问面向全体学生，并通过问答得到反馈信息及时调整教学，促进师生、生生交流，使不同水平的学生能参与教学,1
1478,耐心倾听学生的回答并做出适时、恰当的反应，善于应变及时引导，对答案能分析评价，强化学习,1
1479,学生回答方式多样,1
1480,教师总结本课的教学重点，归纳本课学习的主要内容,1
1481,教师引导学生参与总结的过程，引导学生回忆、归纳并再次领悟获得知识经验的过程,1
1482,教师引导学生积累好词佳句，引导学生学习积累的方法,1
1483,教师的语言充满激情，具有感染力，引导学生深入思考,1
1484,教师留给学生足够的时间进行质疑，利于培养学生发现问题、提出问题的能力,1
1485,选择的拓展阅读资源与课文内容紧密相关，极大地拓宽学生的阅读视野,1
1486,教师引导学生将本课学习的知识与技能迁移到生活中，启发学生联系已有的生活经验,1
1487,教师通过一定的教学要求激活学生的原有知识，补足文章里省略的信息,1
1488,教师在阅读教学中注重引导学生使用筛选信息的策略,1
1489,教师在阅读教学中运用概括信息策略，促进学生进行分析加工和整合加工的认知活动,1
1490,教师没有培养学生使用阐释推理的策略,1
1491,教师没有培养学生使用连接推理的策略,1
1492,引导与鼓励学生提问，加深学生对文章的理解，有助于培养学生的批判性思维,1
1493,教师通过示范讲解让学生明白什么是阅读中的自我监控，并产生在自己的阅读中运用监控策略的兴趣,1
1494,教师的阅读教学紧密联系具体的语境，能够结合语境引导学生理解文本内容,1
1495,教师的阅读教学紧密联系作者的写作背景,1
1496,教师的阅读教学注重联系生活实际理解文本内容,1
1497,教师为学生的言语实践活动提供了必要的活动支架，有助于主体活动的顺利开展,1
1498,为学生提供了具体的程序性知识，支撑学生活动的进行,1
1499,教师提供图片、表格或概念图等四位支架，培养学生的归类思维和聚合思维,1
1500,精心选择学习资源为学生的朗读、演讲等实践活动提供了范例，使抽象的知识变得具体可感,1
1501,教师为学生布置清晰的自主学习任务，并提供适宜的自主学习机会,1
1502,自主学习的时间安排适当,1
1503,教师安排的学习任务或者提出的教学问题适合开展小组合作学习,1
1504,合作学习的时间安排适当,1
1505,小组成员分工明确，个人职责划分清晰,1
1506,小组合作学习的成果与形式清晰明确,1
1507,教师注重从合作技巧、过程、效果、氛围等方面对合作小组和个人进行评价,1
1508,探究的问题属于开放性问题，适宜开展探究学习活动,1
1509,教师给学生提供体验知识形成过程的机会,1
1510,体验学习活动的时间充足,1
1511,朗读指导有效地提高了学生对课文理解的程度并受到情感熏陶，学生能用普通话正确、流利、有感情地朗读课文,1
1512,教师指导学生从默读的方法、速度、效果和习惯等方面习得默读能力,1
1513,教师注重指导学生诵读的方法，利于学生从声韵气律角度把握文章的思想内容和情感，体会其中的丰富内涵和情感,1
1514,教师指导学生复述的方法，采用复述的形式总结文章内容,1
1515,能够引导学生发挥自己的直觉思维，整体把握文本内容，快速捕捉关键信息,1
1516,教师能够引导学生对文本的用词造句、段落层次、篇章结构、表达方法等方面进行揣摩品味，细读探究，调动学生已有的阅读和生活经验咬文嚼字，结合联想和想象，加深对文本的理解和感悟，形成自己对文本的判断和评价,1
1517,注重引导学生采用扫描和跳读的方式查找和提取信息,1
1518,教师引导学生采用做笔记的方法记录阅读心得、困惑等,1
1519,教师注重指导学生在阅读的过程中积累词语和句段,1
1520,教师注重引导学生采用画、注、批等形式做批注，教师引导学生采用批注的形式对概括文章内容、记录自己的联想和体会、质疑或提出不同的看法,1
1521,讲授内容新颖，紧扣主旨，重点突出，注意和学生原有知识建立联系,1
1522,讲授语言准确规范、丰富生动、有启发性，对学生的语言发展和思维能力的提高有积极的影响,1
1523,讲授时间掌握得当，根据学生的反应做出一定的调节,1
1524,教师根据学习的重点和难点、思维的迷惑点、思考的关键点来组织专题讨论,1
1525,教师组织学生围绕有争论的、开放性的观点展开讨论，抓住学习的重、难点展开讨论,1
1526,教师设计开放式问题组织学生讨论，激起学生的深入思考，培养学生解决问题的能力,1
1527,教师在讨论活动前要求学生先学习讨论所涉及的内容，激发学生回忆相关的背景知识和经验,1
1528,当学生产生“疑惑”的心理状态时，教师组织学生讨论，通过相互切磋，解决困惑，克服思维困境,1
1529,讨论方式分为两人讨论、小组讨论、全班讨论，教师在此处选择的讨论方式有利于学生解决困惑,1
1530,营造民主、和谐、平等、乐于交流的讨论活动氛围，引导学生习得讨论技能（如礼貌倾听、清晰表达、轮流发言等），适时适当地引导学生围绕论题展开讨论,1
1531,概括讨论的观点，积极评价学生的交流，及时修正讨论出现的问题,1
1532,教师注重营造平等、宽松、愉悦的教学氛围，引导学生从被动地学变为主动地学,1
1533,充分发挥教师“教”和学生“学”两方面的积极性，让师生双方在教与学中相关启发、相互激励，在互动中顺利完成教学任务，实现教学目标,1
1534,教师能够通过谈话问答、直观演示等方式打开学生的思路，引导学生质疑、调查、探究，促进学生主动积极地探索,1
1535,教师设计的问题精准，提问时机适当,1
1536,教师注重以师生、生生、小组之间的相互合作为基础，在民主、和谐的教学氛围中，以多种互动因素推进课堂教学和学生的主动学习,1
1537,介绍进行合作探究的目的与意义，激发学生的研究兴趣,1
1538,教师的设疑引发了学生的质疑探究，有利于帮助学生透彻理解文本语言以及培养学生主动探究的学习能力,1
1539,教师提供课题示例，引导学生自主选择题研究课题，鼓励学生提出问题,1
1540,指导学生小组合作技能，包括明确小组成员分工、合作任务与成果、评价方式等,1
1541,引导学生制定探究计划，内容包括：课题名称、研究目的、研究现状、研究内容、实施步骤与分工安排、预期成果等,1
1542,指导学生选择探究的方法，如收集和处理资料方法，观察和调查方法，演绎、归纳、比较的思维方法等,1
1543,教师能够指导学生撰写规范的研究报告，包括问题提出、研究方法、研究结果与分析等内容,1
1544,教师能够组织学生汇报并展示小组的研究成果,1
1545,巧妙营造表演情境，通过多种方法和渠道向学生展示问题情境,1
1546,教师能够根据学生的特点，为学生设定表演角色,1
1547,教师能够指导“演员”小组进行磋商筹划表演内容，同时，布置“观众学生”一定的观察任务,1
1548,指导学生依据角色进行合作表演，活动过程开展有序顺利,1
1549,引导表演的学生反思，或启发当观众的学生开展同伴评价,1
1550,教师注重引导学生采用画、注、批等形式做批注，提高阅读效率和语文能力,1
1551,两课时教学目标界定清晰，有效完成课时目标,1
1552,211模式时间分配非常符合规范,1
1553,时间分配非常合理，符合211模式的要求,1
1554,时间安排符合211模式的原则,1
1555,整节课的时间安排恰当,1
1556,拓展阅读环节时间安排适宜,1
1557,安排了足够的拓展阅读时间,1
1558,拓展阅读的时间分配得非常合理,1
1559,写话环节时间安排适宜,1
1560,安排了足够的写话时间,1
1561,写话的时间分配得非常合理,1
1562,写话时间安排地非常充分,1
1563,拓展阅读目标定位非常清晰,1
1564,拓展阅读目标设计合理,1
1565,使用的拓展阅读材料具有层次性,1
1566,拓展阅读材料非常适合学生,1
1567,选择的拓展阅读材料难易适中,1
1568,选择的拓展阅读材料符合教学（学习）目标，能够为目标服务,1
1569,拓展阅读材料数量适合,1
1570,布置得拓展阅读任务非常明确清晰,1
1571,拓展阅读任务难易度适中,1
1572,拓展阅读任务非常适合,1
1573,拓展阅读指导得当,1
1574,拓展阅读指导语非常清晰明确,1
1575,拓展阅读环节清晰，课前准备非常充分,1
1576,拓展阅读指导语非常简洁,1
1577,写话目标定位非常清晰,1
1578,写话目标设计合理得当（合适/适中/适当/适宜）,1
1579,写话目标设计得很好,1
1580,写话题目难易适中（合适/适中/适当/得当）,1
1581,写话题目能为教学目标（学习目标/课时目标）服务,1
1582,写话题目难易适中（合适/适中/适当/得当）,1
1583,设计得写话题目与学生生活情境紧密结合,1
1584,布置得写话任务非常明确清晰,1
1585,写话任务难易度适中，设计了较好地辅助支架，降低了写话难度,1
1586,写话任务非常适合学生的水平,1
1587,学生写话作品丰富多彩，较有新意,1
1588,学生的写话作品紧密联系自身的生活情境，有深度、有创意,1
1589,写话指导得当（合适/适中/适当/适宜），给予学生及时地指导,1
1590,写话指导语非常清晰明确（合适/适中/适当/适宜/得当）,1
1591,写话指导语非常简洁,1
1592,写话指导的时机得当（合适/适中/适当/适宜）,1
1593,拼音课的两个课时教学目标分配清晰得当（合适/适中/适当/适宜）,1
1594,第一课时的教学目标围绕字母认读与书写开展，能有效完成教学目标,1
1595,第二课时的教学目标围绕字母拼读的方法、认借助拼音认读生字开展，能有效完成教学目标,1
1596,围绕教学重难点设计教学活动，活动的层次性好,1
1597,创设的情境联系学生的生活情境，能激发学生的学习兴趣（动机/积极性）,1
1598,导入环节具有情境性，创设真实的学习情境,1
1599,导入环节创设的情境真实，能引起学生的注意,1
1600,抓住重点拼音集中处理，效率较高,1
1601,教学环节之间过渡自然,1
1602,拼读教学层次性强,1
1603,教学重难点突出,1
1604,拼读教学注意示范，示范拼读具有代表性,1
1605,拼读教学注重学习方法的总结与迁移运用,1
1606,引导学生使用小组协作（合作）、自主拼读等学习方法,1
1607,引导学生在四线格中规范书写拼音,1
1608,拼读时间足够,1
1609,教师反馈指导适当,1
1610,学生积极开口读书，学生阅读的积极性高,1
1611,注重对学生的个别指导，教师对拼读能力比较差的学生进行个别指导,1
1612,拓展阅读材料选择符合课时教学目标,1
1613,设计得说话（写话）题目适中,1
1614,设计得说话（写话）题目与学生的生活情境紧密结合,1
1615,给学生提供说话（写话）的支架，提供具体形象的图画材料,1
1616,复习旧知占用时间适当,1
1617,游戏导入，激发学生的学习兴趣,1
1618,复习活动形式多样，能激发学生的学习兴趣（积极性/动机）,1
1619,提供给学生观察的时间与机会，教师主导适宜,1
1620,教师对识字方法的讲授与引导，给学生提供迁移运用的机会,1
1621,拓展阅读材料符合课时目标，包含本节课所学的拼音，起到巩固汉语拼音的目的,1
1622,拓展阅读材料难易适中,1
1623,呈现的图画体现本节课的知识点，画面清晰,1
1624,看图说话环节的引导清晰,1
1625,识字课的两个课时教学目标分配合理、清晰,1
1626,第一课时的教学目标围绕识字与写字开展，能有效完成教学目标,1
1627,第二课时的教学目标围绕课文的理解开展，能有效完成教学目标,1
1628,创设的情境联系学生的生活情境，能激发学生的学习兴趣（动机/积极性）,1
1629,引导学生学习识字方法，培养学生迁移运用识字方法的习惯,1
1630,纠正学生的笔顺笔画以及在田字格中的占位,1
1631,教师引导学生观察生字的间架结构,1
1632,老师在田字格中范写生字,1
1633,注重引导学生书空的习惯与意识,1
1634,教师引导学生描红,1
1635,教师安排学生在田字格中练习生字,1
1636,教师范写的时候让学生来说笔画老师写 ,1
1637,处理好识字与拼音的衔接问题，能很好地巩固拼音,1
1638,处理好认字和写字的关系,1
1639,拓展阅读材料的选择符合课时目标,1
1640,拓展阅读留给学生足够的时间进行大量的阅读,1
1641,鼓励学生多读多看，以此来丰富和扩充课堂的容量,1
1642,扩展阅读环节教师检测和反馈适当,1
1643,使用的拓展阅读资源包含本节课学习的生字词，起到为教学目标服务的目的,1
1644,写话环节围绕课时目标开展，教师从本课的生字词中选出 2-3 个生字词，以仿照的方式进行编儿歌或写话、说话。 ,1
1645,复习旧知占用时间适当,1
1646,复习活动建立了新旧知识之间的联系,1
1647,复习活动激发学生的学习兴趣（积极性/动机）,1
1648,教师语言的指向性明确，过渡自然,1
1649,朗读指导得好，学生掌握朗读的方法,1
1650,朗读的形式多样，学生读出语气语调，饱含情感,1
1651,教师语言指向明确，过渡自然,1
1652,教学问题层次性好,1
1653,选择的拓展阅读材料达到深化本课主题的作用,1
1654,拓展阅读材料的选择符合课时目标,1
1655,拓展阅读留给学生足够的时间进行大量的阅读,1
1656,拓展阅读多样，起到拓宽学生视野的目的,1
1657,扩展阅读环节教师检测和反馈适当,1
1658,拓展资源符合本课时的目标，能帮助学生感悟本课的主题,1
1659,选择了适合学生特点的说话或写话主题，拓宽了学生的思维,1
1660,要求说话或写话与本文主题相关的主题，让学生更好地感悟主题,1
1661,能依据文本关键点和学生疑难处，明确课文的教学点，确定阅读教学目标,1
1662,教师能依据学生特点与教学内容，确定清晰的阅读课教学流程,1
1663,教师能依据学生特点与教学内容，确定清晰的写作课教学流程,1
1664,教师能针对学生遇到的写作问题，提供及时的指导,1
1665,教师能依据学生特点与教学内容确定清晰的口语交际课教学流程,1
1666,教师能依据学生特点与教学内容确定清晰的综合实践课教学流程,1
1667,能依据文本关键点和学生疑难处，明确课文的教学点，确定单元导读课的教学目标,1
1668,教师能依据学生特点与教学内容，确定清晰的单元导读课教学流程,1
1669,教师设置的单元导读课课时分配合适,1
1670,精加略课型三个课时教学目标分配适当,1
1671,教师能依据学生特点与教学内容，确定清晰的精加略课型的教学流程,1
1672,精加略课型三个课时时间分配适当,1
1673,教师能依据学生特点与教学内容，确定清晰的单元主题阅读课教学流程,1
1674,单元主题阅读课时时间分配适当,1
1675,教师能依据学生特点与教学内容，确定清晰的单元主题写作课教学流程,1
1676,单元主题写作课时时间分配适当,1
1677,教师能够通过板书、重述等方式确认学生的回答，鼓励学生完成学习活动,1
1678,教师具有敏锐的观察力，能够在极短时间内面对不同层次的学生回答做出判断，并给予相应的反馈,1
1679,教师对学生的回答适当加以补充，使学生的回答更完整、充分,1
1680,教师对学生的比较复杂的表述加以归纳，使之变得有条理、更加清晰和明确，从而帮助学生获得总的印象,1
1681,教师明确指出学生的偏差行为，帮助学生从偏差走向正确,1
1682,教师面临突发事件的表现为冷静克制、举止从容,1
1683,教师面临突发事件的感知为准确、全面,1
1684,对突发事件的分析判断能够抓住本质,1
1685,突发事件的处理迅速,1
1686,课堂管理规范、有序,1
1687,教学氛围良好，学生参与度高,1
1688,师生互动度高，学生积极参与,1
1689,生生互动积极活跃,1
1690,班级文化氛围和谐、积极向上,1
1691,教师利用板书强调关键知识，引导学生做课堂笔录，帮助学生加深记忆，记录学生思考或讨论的轨迹,1
1692,教师设计的板书内容精炼，语言简洁，层次清晰,1
1693,教师的板书设计美观，布局合理，书写工整,1
1694,教师结合Vclass平台的优势，合理运用其开展课堂教学,1
1695,教师结合Blackboard平台的优势，合理运用其开展课堂教学,1
1696,教师结合Virtual-U平台的优势，合理运用其开展课堂教学,1
1697,教师结合Moodle平台的优势，合理运用其开展课堂教学,1
1698,教师结合4A网络教学平台的优势，合理运用其开展课堂教学,1
1699,教师结合天空教室的优势，合理运用其开展课堂教学,1
1700,教师结合E-learning教学平台的优势，合理运用其开展课堂教学,1
1701,教师使用的学习平台适当，学生使用平台能够顺利完成学习活动,1
1702,教师结合拼音类工具的优势，合理运用其开展课堂教学,1
1703,教师结合识字类工具的优势，合理运用其开展课堂教学,1
1704,教师结合写字类工具的优势，合理运用其开展课堂教学,1
1705,教师结合阅读类工具的优势，合理运用其开展课堂教学,1
1706,教师结合写作类工具的优势，合理运用其开展课堂教学,1
1707,教师结合PPT的优势，合理运用其开展课堂教学,1
1708,教师结合电子白板的优势，合理运用其开展课堂教学,1
1709,教师结合实物投影仪的优势，合理运用其开展课堂教学,1
1710,教师结合概念图的优势，合理运用其开展课堂教学,1
1711,教师结合问卷星的优势，合理运用其开展课堂教学,1
1712,学习工具操作简单，有利于学生高效完成学习任务,1
1713,教学资源与教学目标紧密相关,1
1714,精选与教学目标相关的学习资源，难度适宜,1
1715,教学反思内容完整，包含成功之处、不足之处及其原因，以及后续的教学改进措施,1
1716,教学反思能够全面地看待教育中的种种问题，善于抓住事物的全貌进行深入分析,1
1717,教学反思方法多样，包括教育叙事、日记反思法、录音反思法与录像反思法，同时，也有个人反思法、同伴协同反思法等,1
1718,教学反思工具多样，详细记录各个时间段的教学反思内容,1
1719,教学反思过程完整，详细阐述了教学过程中的成功之处、不足之处，以及后续改进方案,1
1720,评价目标与教学目标明确对应,1
1721,评价方式能够精准诊断与识别学生学习中存在的问题,1
1722,形成性评价能够客观、真实地呈现学生学习过程和教学过程，帮助师生反观学习过程和教学过程中存在的问题与改进的方向，以便能及时调整学习和教学策略，获得预期的效果和预设的目标,1
1723,形成性评价能够明确学生的学习目标，促进学生保持良好的学习状态，对于学生掌握语文知识、形成与发展语文素养等都具有积极的调控和促进作用,1
1724,形成性评价能够检验学习目标达成度，诊断学生现有学习状况,1
1725,终结性评价能够了解学生的学习结果，发挥了检测、甄别等功能,1
1726,教师在教学中采用多种评价方式，体现了多元化评价的理念,1
1727,互评能够培养学生协作能力和合作精神,1
1728,互评有利于促进学生自我学习，自我发展和自我评价,1
1729,学生互评有利于信息交流和共同进步,1
1730,学生借助自我评价，能够了解自己的知识水平，发现自己的进步与不足,1
1731,教师评价能够有效激发学生的学习兴趣，调动学生的学习热情,1
1732,教师评价能够指出学生学习中存在的不足，有利于学生发现问题，调整自己的学习方法和学习策略，提高学习效率，促进学生发展,1
1733,设计的家长评价目标明确，评价内容具体，评价方法易行,1
1734,教师注重采用计算机评价的优势，为学生提供了及时的评价与反馈建议,1
1735,能够展现学生的成就和进步，能够描述学生学习的过程和方法，能够反映学生学习的情感和态度,1
1736,能够清晰地记录学生的成长轨迹,1
1737,能够考察学生的语文学习态度、习惯，分析学生对语文价值的倾向,1
1738,能够有效地指导学生自评自改和互评互改,1
1739,能够检测学生在知识、能力与素养水平,1
1740,能够快速检测学生对知识的掌握情况,1
1741,能够快速检测学生的演讲能力,1
1742,能够快速检测学生的朗诵能力,1
1743,识字教学十分扎实！闯关激发学生的识字兴趣,1
1744,集识读写于一体，课堂容量较大。课堂形式灵活多样，以闯关游戏的形式带领学生学习生字，符合低年级学生的学习特点。拓展阅读既丰富了知识，又巩固了所学。,1
1745,本节课老师设计了五个环节，每个环节紧紧相扣，由易到难,1
1746,第一个环节创设情境导入，老师故设悬念，激发了学生的学习兴趣,1
1747,识字环节扎实有效，训练由整体入手，再由字到词，由词到句，符合低年级学生认知规律。,1
1748,识字，写字，阅读时间分配合理，写话环节，充分调动学生自主学习能力，利于拓展学生思维,1
1749,课堂容量大，环节紧凑，生在本堂课从识字，写字，阅读，写话均得到了训练。,1
1750,多媒体使用激发学生的学习兴趣，提高了学习效率。,1
1751,识字教学扎实，从读准字音，到交流方法，到指导书写。,1
1752,善于创设情景，激发学生学习的兴趣。,1
1753,本节课动笔较充分，有写字，有写文。,1
1754,注意训练坡度。,1
1755,课堂容量大，环节紧凑，生在本堂课从识字，写字，阅读，写话均得到了训练。,1
1756,课堂的容量大且教学有序,1
1757,教师课堂语言精炼，课堂环节清晰,1
1758,教学过程完整，环节清楚。教师语言表达流畅，评价好。,1
1759,这堂课整体感觉很不错，教学设计的创新点非常多,1
1760,让学生利用学会的生字新词，读课外阅读。再次利用给出的字词让二年级孩子写话，这是我们一般老师在课堂上难以企及的。,1
1761,教师的教学积极性非常高，孩子们的课堂常规也不错，评价语到位，引领学生进入课堂。,1
1762,教师学习生字是通过一关又一关的游戏激发学生学习兴趣，符合低端孩子的学情。,1
1763,指导书写，从汉字笔顺，间架结构进行指导，师再进行书写指导，学生临写，汉字学习比较扎实。,1
1764,教师从图片入手，激发学生识字兴趣，识字注重个人体验，再进入课文，从文中巩固识字，识字教学较扎实。,1
1765,小口令贯穿整堂课，明确了学生在每一个环节中的具体操作和表现，让学生知道自己什么时候该做什么！环节紧凑，环环相扣，过渡自然,1
1766,多媒体使用激发学生的学习兴趣，提高了学习效率。,1
1767,激发学生学习兴趣，采用闯关的学习模式，让学生在游戏中学习。,1
1768,学以致用，学习本课生字后，学生进行段落习作练习。,1
1769,老师教态自然，有些课件做的很好。特别是几个闯关设计挺好，激励了学生学习积极性。,1
1770,注重学生阅读，写话能力的培养。,1
1771,课件制作优美。,1
1772,四会字书写环节：采用动画形象直观地展示四会字的结构与笔画顺序,1
1773,注重培养学生正确规范的书写姿势,1
1774,拓展阅读材料符合课时目标，时间分配合理，篇目数量合理,1
1775,写话情境与支架设计能够拓展学生的思维，反馈及时。,1
1776,教学思路清晰、环节紧凑。,1
1777,识字环节以多种形式呈现调动了孩子学习的积极性。,1
1778,交流识字方法采用遍字谜的方式调动了学生的积极性。,1
1779,本课在识字时以多种形式呈现，很大的调动了学生识字的积极性、并且整个课堂实现了读写结合,1
1780,游戏闯关激发学生兴趣，识字环节注重方法，读的训练落到实处，写话练习为学生搭建语言框架，好！,1
1781,教学过程完整，环节清楚。教师语言表达流畅，评价好。,1
1782,教师课堂语言精炼，课堂环节清晰,1
1783,课堂充满趣味性，每一个童真的孩子在她的课堂上都能得到趣味的释放,1
1784,教学时间把握良好，严格按照“211”教学时间开展教学，且不拘于时间框架的束缚进行教学,1
1785,潜移默化的教给学生自主学习的好方法，敢于大胆放手让学生运用方法，学习生字。,1
1786,课堂容量大，识字、写字、读文、读课外阅读资料、写话。教师用儿歌组织教学、秩序好。,1
1787,设计闯关游戏检查学习效果，有利于调动学习积极性。,1
1788,课堂环节完整，体现了教学目标,1
1789,教学环节设计紧凑，运用了“识字-阅读-写作”三位一体的小学语文教学模式。,1
1790,本课涉及到了基础知识的教学和阅读及写话能力拓展，提高了学生的语文核心素养,1
1791,学生参与度高，是一节好课。,1
1792,最佳搭档这一步骤的教学中，即让孩子们练习了生字组词，也通过造7句拓展了孩子们的语言运用能力，该步骤也增强了孩子们合作学习的能力。,1
1793,能调动学生识字兴趣，识字教学扎实，做到了及时巩固，通过课外阅读复现生字词，同时增加了了阅读量。,1
1794,写字指导有些简单，一年级学生是不是只口头说说偏旁和结构，不需要观察字的占格。,0
1795,拓展阅读应该反馈学生的阅读情况,0
1796,指导书写时部分生字看笔顺动画，重点指导了3个字，但老师在板书范时落笔太低，学生看不到范写的笔迹。,0
1797,关于这节课的阅读指导，几乎都是学生共同自由朗读，缺乏针对性，没有体现出老师的指导示范作用,0
1798,写话环节，出示本课生字组成的词语让学生看图写话，我认为对于二年级学生还是有一定难度,0
1799,课堂容量过满，阅读与写话环节落实不够。,0
1800,节奏快，环节不够扎实。如：写话,0
1801,课间件呈现给学生的画面太多，太乱。,0
1802,课堂容量过满，阅读与写话环节落实不够。,0
1803,识字环节的合理性，与梯度在设计上有待讨论,0
1804,学生在学习生字新词时，没有进行单个指导，这样只能观察学生的整体情况，看不到个体掌握情况。,0
1805,学生认字过程较快，是否真正达到识字目标。,0
1806,写课题时，带着孩子写没有读。这节课容量很大，老师上课有点仓促。有些地方速度太快。,0
1807,课堂容量大，学生是否能全部消化。读文以齐读为主，缺少个性化展示,0
1808,每个字都书空，但并不是都指导写，做法是否妥当,0
1809,二会字学习环节的活动设计重复，建议选择重难点生字引导学学生汇报展示。,0
1810,指导汉字书写环节太快，应学生书写，教师巡视指导，然后交流展示。,0
1811,课堂指导朗读的环节很少。,0
1812,本课的环节设置上跳读较大，而且在最后一个环节直接让学生去写，我认为应该先让学生说而后再写,0
1813,容量较大，学生回答个别较少，是否都掌握了。,0
1814,课堂容量过满，阅读与写话环节落实不够。,0
1815,在指导书写时目的性不突出，缺少让学生自主观察的引导，导致难点突破不到位,0
1816,写话环节的引导启发语言没有深意且过于着急，应该给予学生更多的思考空间和等待。,0
1817,回答问题齐答过多。,0
1818,四会字教学环节与快乐阅读环节的过渡欠缺。,0
1819,课外阅读出现的时机有待商榷。,0
1820,十分钟的写话训练对于一个年级学生来说有些难 能不能落实处！,0
1821,写的时间不够充足,0
1822,执教老师做到了是课堂的引领者，且兼顾到所有学生，但对学生的差异性兼顾不到位。,0
1823,每次读字读词语几乎都是齐读。读的方式太单一,0
1824,生字教学很扎实，识字过程也值得学习，但教学的环节应环环相扣，对于低年级的学生而言，他们的理解能力还是较低的，应设置符合他们的教学过程,0
1825,充分调动学生积极性，让学生通过自己动手，感知图形变换,1
1826,主线明确，内容紧凑，学生动手实操，活动时间比例大。,1
1827,学生积极参与，主体参与活动比较突出,1
1828,学生通过动手拼图，画图，更加清晰的认识了图形间的变换，在复习全等三角形性质，判定的基础上，也认识了筝形，并理解筝形的性质，学生思路清晰，表达清楚，动手拼图能力也得到了进一步提升！,1
1829,本节课习题设计梯度好，层层递进，并引出四边形，发挥学生主体作用，板书设计较好,1
1830,通过基础图形的引入，复习全等三角形的判定方法。另外，让学生自己摆放三角形，得到不同的全等基础题，强化了隐含条件的关注。课堂上让学生动手，提高了学生的动手能力，激发了学生的兴趣。课堂设计有深度，也有广度。,1
1831,精心设计每一个环节，适度突出学生的主体地位。循循善诱，娓娓道来。,1
1832,活动设计由感知到理解 重视学生体验，体现做中学,1
1833,习题设计梯度好,1
1834,本节课通过画图、观察、分析、证明复习了全等三角形的判定性质，在动手操作中解决问题，积累了探究问题的经验。,1
1835,有气势，板书工整，字迹优美；用三角形摆放，讲解图形变换，想法新颖,1
1836,课堂设计由浅入深，从学生最熟悉的基本全等图形入手，通过连线和延长线、位置变换图形，构造图形并识别图中隐含条件，并通过学生自主摆放图形引出筝形学习，课堂充分体现学生的主体地位。,1
1837,活动充分，图形变式灵活，有代表性，重视知识生成过程！,1
1838,由已学过的三角形全等来探索未学过的四边形的性质，复习了旧知，探索了新知。,1
1839,充分调动学生思维的思维，使学生都能参与到课堂中来，通过本节课学习，相信学生对全等三角形的图形变换理解更加深刻，对全等的几种证明方法理解更到位,1
1840,教学环节设计好，教学内容丰富多彩，教学节奏紧凑,1
1841,学生参与积极，几何语言规范。教师适时引导。,1
1842,利用图形变换复习并巩固全等三角形的判定，安排巧妙，变化合理可行！对筝形的性质的证明实际上是对全等的进一步巩固，感受利用三角形知识解决四边形的问题的解题思路。体会知识之间的联系,1
1843,本节课整体设计合理，学生动手操作，猜想验证结论，培养了学生探究能力，表达能力和合作交流能力。教师基本功扎实，教态自然,1
1844,动手实践好，分析过程比较详细。,1
1845,学生借助全等三角形纸片，进行图形的变换的摆放，可以加深学生印象，便于识图。,1
1846,环节清晰，学生动手拼摆进一步感知全等三角形的知识的应用,1
1847,很好的让学生动手操作，具有开放性，延展性,1
1848,本节课设计学生动手操作比较多，对图形有不同的认识，深刻，而且对于后面学习图形的变换有一定的帮助！,1
1849,本节课结合了学生的层次，选取旋转三角形得出全等为主题的一题多变的变式训练方式作为本节课的重点。从课堂教学的效果来看，教学设计意图在本节课中基本得到了贯彻。学生通过这组习题的训练，一方面对动态变化有了深刻的认识，另一方面，对这一类问题的解决掌握了较为行之有效的方法。,1
1850,从一个基本图形，变式引出几种有关全等三角形证明的常用图形，符合学生的认知规律，同时通过拼图激发了学生的学习兴趣，让抽象的图形变得灵动起来，通过动手操作再次识图，提高了学生的识图能力和逻辑思维能力，而且最后由三角形引导四边形，扩展了学生的知识面，提高了学生的思维能力。,1
1851,借助全等三角形纸片，让学生完成拼图，利于学生去识图,1
1852,解题方法多样，学生水平高,1
1853,这节课做到了老师为辅，学生为主，通过变换图形和动手拼图，加强了学生在新图形中进行全等三角形的判定和全等三角形性质的应用，学生积极性较高，老师也适度引领课堂，把控课堂,1
1854,本节课是一节复习课，回顾了已学知识，并在此基础上拓展，让学生对三角形及四边形的领域有了新的探索与发现。课堂容量大，内容整体紧凑，连贯,1
1855,由学生自己添加已知条件回顾复习了全等三角形的判定，善于利用图形中的隐含条件，全等图形之间的变换讲解透彻，又探究了筝形的性质，节奏紧凑。,1
1856,课堂设计灵活，形式多样，充分发挥学生的主观能动性。,1
1857,思路清晰，由简入难，教师语言干净利落，不拖沓。,1
1858,课堂紧凑，内容充实，学生配合积极。,1
1859,板书清楚，语言逻辑性强，各层次学生都有收获。,1
1860,以开放的形式展开，将这部分常见的图形巧妙的联系在一起，学生活动充分，积极踊跃,1
1861,细致，重点突出,1
1862,图形进行了变换，锻炼了学生的动手操作能力，注意挖掘题目中的隐含条件。,1
1863,教师教态自然大方，有亲和力，感染力。 教学设计思路设计合理，思路清晰，有层次感。 学生思维积极，表他能力较强。,1
1864,教学设计层次感强，知识重难点突出，直观图形运用多，题型选取有代表性,1
1865,利用图形变换复习全等，是很好的切入点。,1
1866,充分体现了学生为主体的课堂模式，学生参与较好,1
1867,设计思路清晰，题目设计巧妙，对于全等三角形基本图形的探讨深入，同时探究了新图形，筝形性质的证明再次巩固了全等证明,1
1868,筝形性质证明的已知证明能否更细致讲解，学生讲文字转化为符号语言的已知有困难,0
1869,学生讨论度不高。课堂较沉闷。,0
1870,内容可能有些多,0
1871,知识点重复太多,0
1872,课容量大，学生小组讨论的机会几乎没有，重点不明确,0
1873,这节课的重点是复习全等，引入筝形有点偏离重点。 如果新知是筝形，那么引入过长。 筝形对角线的性质的研究不应作为新知，可以当做拓展练习进而复习全等三角形,0
1874,在培养学生阅读能力时，教师不应该代替学生读题,0
1875,教学设计用心，但仍有改进的地方。 语言的严谨性有待加强。,0
1876,课堂节奏把控较好，逻辑清晰，注重学生发散性思维的培养。,1
1877,主线明显，重点突出,1
1878,注重地理学习方法的指导和学科区域认知素养和综合思维的培养,1
1879,本节课，设计新颖，巧妙，由越南的一场旱灾事件，引入本节课学习主题，将东南亚的中南半岛气候，地形，河流等自然因素同生产生活实际连接起来。很自然流畅，最后提升主题，加强国际间的合作成为当今社会共同发展的趋势。对学生学习地理具有一定的教育意义。,1
1880,注重图像的运用，引导学生注重时事，注重让学生自己动脑思考，从河流到合作，以小见大。以诗歌结尾，完美的总结了本课中心思想，同时也符合现在考试趋势,1
1881,积极适应先进教学设备 引导学生独立思考回答问题 思路清晰，课堂把控力强,1
1882,联系时事热点新闻事件引入，出示相关资料进行分析，整合资源，层层深入，教学目标达成好。达成了课标“说明区域内自然地理要素的相互作用和相互影响”的标准。,1
1883,思维清晰 引导有序,1
1884,合作的益处弱学生联想不到，是否可以安排学生开展小组讨论进行研讨。,1
1885,互动很多，反馈很多，气氛很好,1
1886,利用ipad学习，资源广，操作方便，作为语言学科，听说读写都很全面，同学们积极性高，自主学习，合作学习都有。,1
1887,发挥学生的自主性学习，教师全程用英语进行教学，减少学生对母语的依赖,1
1888,信息化教学，课堂互动，能够引导学生学习新知，联系生活，拓展阅读。,1
1889,让学生参与课堂 ，学生既听又说，同时还参与角色表演。课堂形式多样。,1
1890,培养学生利用工具自主学习的能力 课堂口令应用有效维持课堂秩序,1
1891,多次采用小组讨论的方式，灵活运用ipad教学,1
1892,英语口语练习特别好，互动性强，有角色扮演，很有趣,1
1893,课堂氛围好，所有学生都参与进来了 教给学生读 还教会了他们应用 ipad教学能让学生们课堂完成的作业及时提交给老师，这点很好,1
1894,iPad的运用是其中很大的一个亮点，还有全英教学，我认为会有很好的沉浸感，更好的学习体验 很注重全面训练，听说读写全面发展,1
1895,多媒体使用的很好，课程安排合理，学生的主体性很强，学生的自主为主要的教学方式,1
1896,课堂互动很多，课程气氛优良，课程节奏恰当,1
1897,交互性强，善于运用ipad教学，引入麦当劳图片，戴帽子，教学情景性强,1
1898,充分调动起学生学习的积极性自觉性和主动性 情景模拟极具特色，且出现多次 教学工具使用得当,1
1899,课程整体设置的比较好，各个环节的时间把控也很好。,1
1900,教学结合科技产品pad能更好的让学生学习语言知识，并兼顾到每个学生，方便学生学习。,1
1901,在课件中也合理的插入视频等媒体教学文件，并创设情景，在激发学生学习兴趣的同时也加深了知识的学习和理解。,1
1902,结合ipad，让学生在一节课中能在听，说，读，写四个方面得到很多练习的机会,1
1903,应用iPad教学，方便课堂内容展开，让学生更好的融入课堂。教师对学生使用iPad的情况也能很好的控制。,1
1904,很好的结合了现代科技产品 ，让英语学习不再枯燥乏味。课堂效果很好，孩子们也愿意学习，几乎都能跟着老师的节奏走。,1
1905,有的时间段比较短，有的同学们可能不能及时完成任务,0
1906,iPad由于可能转移学生注意力，在课堂中要用的时候拿起来，不用的时候背扣，重复动作有点繁琐,0
1907,节奏太快，学情分析不准确,0
1908,预设性过强，课前准备过于繁琐,0
1909,有一次小组讨论比较乱,0
1910,既然可以用pad作为教学工具，也可以配备一个支架方便学习 整节课基本没有用到纸质课本，是否不再需要课本了？ 整体感觉节奏偏快,0
1911,讲解点有模糊，如：十分用心与用心相比的讲解。讨论的时候有的孩子不能很好的完成要求，会有走神的情况。,0
1912,学生有的注意力不够集中，不能顾及到所有学生,0
1913,学生回答问题时过于嘈杂，老师有时候示意举手却没有收到回复,0
1914,学生的讨论较为杂乱，个别字音没有矫正,0
1915,教师在课上发起的同学间互动环节较多，针对低年级学生效果很好，但也容易引起学生的走神,0
1916,学生朗读时老师参与的太少,0
1917,缺乏对学生的评价和鼓励,0
1918,由视频导入，未复习生字词。联习说话稍显不足。,0
1919,教师的示范作用没达到，学生说得多了，尤其是图片限制了学生的思维。,0
1920,两级分化差距大,0
1921,在写话环节，学生写话时尽量不要打断学生的写话思路,0
1922,课外阅读的内容较多，学生没有展示课外阅读的时间。,0
1923,每次讲授课文内容时，学生参与度不高。,0
1924,联系生活说，说的不够，特别是夏天,0
1925,教学环节紧凑清晰，教学设计新颖。老师穿插了课外阅读和写话，尤其写话的设计，利用心愿卡，提高学生写作能力的同时也对孩子进行了思想教育。,1
1926,老师能够把信息技术与教学进行较好的结合。,1
1927,教学环节设计紧凑，环环相扣；每个环节过渡自然，教师语言丰富，教态自然大方，恰当的运用了“211”上课模式。,1
1928,结构紧凑，环节流畅，过渡自然！既能联系生活实际，引导学生理解词语，又能结合上下文，在文本中理解词语！对文章内容的讲解，详略得当！能让学生在尽情读文的过程中，感悟文章，在读中悟,1
1929,充分调动学生积极性，以学生为主体。,1
1930,本课教师教学思路清晰，结构完整教学设计新颖。,1
1931,课堂容量大的听说读写都涉及到。板书设计很有特点。,1
1932,拓展阅读环节提高了孩子课外阅读量，把读书的权利还给了孩子，写做环节，培养了孩子的想象力拓展了孩子的思维。,1
1933,引课以视频导入，学生兴趣被激发，在观看中，对春夏秋冬的季节特点也有了直观感受。为课文学习做了良好的认知与情感铺垫。写话的指导，给出支架，减缓写话难度。,1
1934,金色的太阳一段指导到位，学生朗读效果好，值得借鉴,1
1935,课堂秩序管理良好，学生在一个良好的氛围中学习，更有利于课堂知识的习得,1
1936,设置多种形式的朗读指导，有利于学生在朗读中感悟本节课的情感,1
1937,拓展阅读材料选择合理，教师及时巡堂指导，有利于学生个性化学习。,1
1938,采用211模式上语文课给予学生更多的认读写话的机会，对小学阶段夯实语文基础，培养学生阅读兴趣是有力的推动,1
1939,课堂紧扣教学目标，211各环节落实到位，学生在知识，能力，方法与情感方面均有所得。教师语言富有儿童化，亲切感强。,1
1940,教师用视频、图片直观感受四季的美丽，教师用精炼的语言让孩子感受秋天果园里丰收的景象。,1
1941,教师在让学生写话前先说出自己的心愿，为学生起到抛砖引玉的作用。,1
1942,另外， 引导学生先说再写，降低了的写话的难度。出示场景图，给学生提供写话的素材。,1
1943,多媒体使用适合，有利于激发学生的生活经验，更好的理解课文。,1
1944,教学设计体现了低年级的特点，抓住重点词语，用多种方法理解：联系生活实际、表演、朗读。,1
1945,教师语言抑扬顿挫，有激情，让学生在各种形式的朗读中，体会小作家的美好心愿，很好的完成了本课的教学目标。,1
1946,教师教学设计思路清晰，抓住重点，突破难点。,1
1947,教学方式多样化启发式，读书指导法等。,1
1948,课堂上教师思路清晰，学生口头表达能力好。,1
1949,教师语言儿童化，亲切感强。学习自主权交给学生。课外拓展丰富。课堂上联系生活实际让学生谈感受，借此理解词语的意思。,1
1950,这节课，老师设计的很巧妙，四个太阳有详有略的讲解，多种方法的朗读指导和理解词语的方法值得学习。,1
1951,拓展阅读有必读有选读能够满足不同学生的需求。,1
1952,拓展写作紧紧围绕着课文进行，一方面训练了孩子的写作能力，另一方面也是对课文内容的升华。,1
1953,环节紧凑，体现了以教师为主导，学生为主体。,1
1954,211模式环节落实到位，设计新颖，板书设计符合低年级学生的特点，把读书的权力交给学生，理解与朗读相结合，激发学生的生活体验，读中理解，感悟，水到渠成。评价语恰到好处！,1
1955,是否需要适当加入教师对学生发音的指导。 讨论是否一定要离开座位，这样是否会浪费时间。,0
1956,感觉上课活动和内容都很多，老师语速也比较快，上一节课对于学生们来说应该很耗费精力，基础不太好的同学怎么能保持跟上课堂进度呢？有些同学似乎没有在时间内规定任务，想知道该如何处理？,0
1957,课堂节奏有点太快了，同学们到后来会不会挺累的，而且会出现部分同学跟不上的情况。,0
1958,课堂节奏是否太快，是否能保证全部学生都跟上进度？,0
1959,平板上同学们做的练习作业课堂上是否能够得到检查并且及时反馈，学生的角色扮演是否太单一，可能增设一波交换角色来熟悉语法。,0
1960,.每个人说的语句只有单词顺序不一样，大部分时候是在重复，一些心理比较成熟的学生可能会觉得很无聊,0
1961,而且课堂节奏很快，小学生可能会跟不上或者听起来很累，老师也可能会因为忙着上课而没有照顾到个别学生的学习状态。,0
1962,使用ipad过多，学生容易近视,0
1963,课堂上走动流程过多，有点浪费时间,0
1964,单词和例句的读音通过更标准的音频或视频指导可能会更好,0
1965,互动积极，课堂活跃，流畅度高,1
1966,同学与老师之间互动非常多，有反馈。采用积分形式，调动孩子们积极性。,1
1967,老师讲课生动有趣，能调动学生的积极性，和学生形成良性互动。,1
1968,充分与学生互动，能激发学生学习兴趣和积极性，集中学生注意力；利用小组合作比赛的方式，激发学生学习热情。教学目标完成,1
1969,能与学生时刻互动，保证课堂纪律，课堂气氛活跃，学生能熟练的掌握所学知识,1
1970,本节课学生注意力大多集中，老师的讲课方式很符合学生，学生积极参与课堂讨论与学习，老师也及时进行评价。,1
1971,老师讲的很全面，学生回答问题很积极,1
1972,首先，老师对于课程进度的把握十分准确，对于课堂的掌控和把握很优秀，教学设计很精准，教学重点也很突出。,1
1973,其次师生间的互动和生生间的互动使课堂丰富有趣。,1
1974,第三，对于程度副词“十分”的讲解十分详尽，从表面理解到深度理解，再到熟练应用，教室采取了同学间共享，课堂练习等方式。,1
1975,第四，分角色阅读，以及最后设置其他角色的环节能让学生多角度思考,1
1976,教师分组后让同学进行回答，教师对每组进行评比，调动了学生思考问题回答问题的积极性。,1
1977,让学生们对十分造句进行讨论，可以使学生精神稍微放松下，缓解疲劳，避免学生疲倦后注意力不集中 与小状元练习册上的题目进行知识迁移，增强学生对知识的理解 教师在学生写练习的时候实时反馈，确保学生的正确性，同时读出学生的答案，进行表扬，增强学生学习积极性。 ,1
1978,让学生扮演文章中的角色进行阅读课文，增强学生对课文内容及情感的理解，对学生阅读过程中的错误进行及时纠正。,1
1979, 对文章结构运用导图形式进行划分，便于学生的理解,1
1980,课堂互动性强，氛围好，能够调动学生积极性。分组活动，按组给小旗子。,1
1981,互动性强，课堂气氛活跃。学生可以通过与教师的互动提高对知识的理解性。同时教学所涉及的ppt重难点突出，方便教学的逐步推进。教师也不忘及时的对学生的表现进行反馈。,1
1982,拥有扎实的语文学科知识基础,1
1983,提出清晰和恰当的教学问题，问题有层次，鼓励学生提问与质疑,1
1984,识字有坡度，适合低年级学生年龄特点，拓展阅读扩大孩子阅读量,1
1985,多媒体使用合理，有效。,1
1986,教师能根据学生的学习情况，及时调整教学方法，发现问题，提供帮助。,1
1987,拓展阅读的时间充分，旨在让学生在阅读中巩固识字。,1
1988,教学层次清晰，识字，写字，阅读，写话，各个环节时间把握好，体现211的模式。写话内容设计的好。,1
1989,识字教学扎实，多样，符合低年段特点！,1
1990,环节紧凑，条理清晰。,1
1991,师生配合较为默契，字词教学较扎实。,1
1992,重视识字方法指导，教师加以总结提炼，积累识字方法，培养学生自主识字能力。,1
1993,教学体现学生主体地位，导入环节的音乐有种娓娓道来的感觉，为学生学习课文奠定了感情基调,1
1994,采用猜谜语，加一加，换一换，借助图片等多种识字方法，达到了高效识字。,1
1995,马老师使用学生熟悉的关于妈妈的儿歌导入新课，有利于激发学生的学习兴趣，将学生的注意力快速的集中到课堂,1
1996,马老师在重点讲解窗和脸四会字的书写时，通过学生指出注意笔画、教师讲解并板书，环节全面完整。,1
1997,老师课堂节奏紧凑，富有激情，会鼓励学生不断发言，学生积极性高,1
1998,课堂气氛好，教师有亲和力，有条不紊。,1
1999,课堂的环节思路安排较好，结构分明，层次清晰，知识讲解能够做到由已知到新知，由简单到复杂，由浅入深,1
2000,课堂设计有层次、有梯度，能够逐步引导学生分析、梳理解题思路，并渗透数学的方法和思想,1
2001,有规范学生解题步骤的意识，能够较好地示范出解题过程,1
2002,注重梳理解决数学问题的方法和切入点，有明确的教学目标、重难点，有问题预设，体现了数学教学的严谨性。,1
2003,教学过程中过度自然，能调动每个学生的积极主动性，达到很好的教学效果。,1
2004,课堂设计环节齐全，学生课前预习准备工作完成较好，通过媒体小视频对学生进行数学思想教育,1
2005,重点突出，学生积极性高,1
2006,讲授清晰，准确，课堂气氛活跃，效果好，学生掌握好,1
2007,教师准备充分 学生去配合积极,1
2008,教师对于课堂的控制主导过多，学生的学习不是简单传递而是主动建构，不是被动接收而是主动选择加工和处理，是原有知识经验的调整和改变，建议多给学生留白的空间，多给学生质疑的时间，让学生能够主动思考，自主建构数学知识、形成学习经验,0
2009,给学生思考的时间有点少,0
2010,教师总结部分多，学生表达和讨论部分较少,0
2011,活动多，但学生解释的较少。,0
2012,如果再加入一些习题和真题就更好了，课上缺少实战演练。不能获得学生掌握情况。,0
2013,教师的导语和评价语有待提高。,0
2014,教师的语言能力需提高,0
2015,教师的数学语言还有待提高,0
2016,关于课上内容和活动，是否可以精炼一些。,0
2017,教师主导作用充分，学生主动探究思考深度可以再深入些,0
2018,时间分配的问题,0
2019,教学目标的达成，从学生的表达方面来看，教学目标的落实在新授环节需要老师进一步引导和示范。 ,0
2020,小结环节可以进行的再深入一些，学生可以以小组为单位，把小组的共同结论汇总，以小组形式汇报，最后老师再总结升华，时间上也可以再充分一点。,0
2021,倍数的概念还没有具体的说清楚,0
2022,本节课重点突出，不过我觉得难点还没有突破。,0
2023,难点突破有待加强。,0
2024,海陆分布比例与活动结果比例是否一致,0
2025,集体回答较多,0
2026,学生在座位说证明过程，估计其他人听不清。,0
2027,学生之间的互动不灵活。,0
2028,老师的小结不够系统。 ,0
2029,学生在输出的时候可以脱离太多的提示次。 ,0
2030,在听力练习的时候，建议减少学生齐读的时间。,0
2031,老师语速较快，课堂内容太多,0
2032,学生的对话比较机械，不是在真实情景中进行的。,0
2033,老师给学生的思考时间太短，学生的英语拼读法存在问题。,0
2034,学生在平板上做笔记，那么在课后他们是否能够使用平板，如果不能的话，那么这一部分使用纸质课本是否会更好？,0
2035,学生的课本没有动过，如何做笔记便于课后复习？教师语速较快，对于低水平孩子可能比较难跟上。,0
2036,课堂节奏太快，没有喘息，内容太多,0
2037,教学内容是否太多，学生是否能真正消化？,0
2038,如此频繁的使用iPad，节奏太紧密，学生把iPad说拿就拿说放就放，在日常课里面可以实现吗？,0
2039,环节太多，整堂课听下来感觉很累,0
2040,学生的课本一直放在左上角从来没有动过，如果课文中无与本课相关内容 课本不需要出现，如果课文就是课本内容，那么在阅读环节完全可以在课本中进行。方便学生做笔记及课后复习。,0
2041,学生填充完思维导图，教师可以都展示一下他们的作品，而不是只播放一下自己完成的导图。,0
2042, 教师口语中出现很多错误 如果学生认真听可能会对学生产生误导,0
2043, 表演成分比较大，真实课堂中难以实现。,0
2044,课程节奏快？对于阅读文本的学习，方式单一，就是简单的回答问题。并且没有给学生时间讨论，让学生能够充分有同伴的合作学习。,0
2045, 活动之间不明确,0
2046,学生机械性得操作，没有思考。课程缺乏对学生思维的锻炼。,0
2047,教师给于学生的反馈单一，简单，没有针对具体的问题指出指导性的意见。,0
2048,在使用技术时，教师可能更多关注学生作品和成果的展示，教师本人对学生表现的评价和反馈会显得比例太小。是否要平衡一下。,0
2049,不应该被技术限制住，有些活动用书本也可以，不一定非要用ipad。,0
2050,教学内容丰富，环节多且紧扣，但是是否对于40分钟来说太多？是否减少一些教学内容？,0
2051,这个课是一个比较好的表演课。拿一个新的班能否有这么好的效果？我感觉这堂课过于依赖iPad了 学生没有时间反馈思考，一直在不停地听，操练，表演,0
2052,老师的引导很及时到位。 技术使用让课堂充满活力和趣味。,1
2053,熟练使用ipad，提高了课堂效率,1
2054,学生程度较高，能完成老师布置的任务，同时也能积极主动的回答问题。,1
2055,学生的小组合作和讨论都较多，课堂氛围活跃,1
2056,板书清晰，同时还创设情景，配上麦当劳食物图片。,1
2057,板书必要内容呈现，便于参考使用，复习回顾 任务层次多样，多次操练便于巩固掌握,1
2058,概念图的使用(菜单绘制)便于学生自主探索能力的培养 情景设置妥当，便于学生口语对话 ,1
2059,拓展阅读开拓思维，加强理解 平板使用灵活，口语指令清晰,1
2060,教学组织形式多样，学生都是在做中学,1
2061,因为是用iPad，调动了孩子的参与度和积极性，老师活动的设置使得学生们不只是坐在座位上，还下座活动活动，有助于小学生的健康,1
2062,教师和学生建立了一套教学用语，比如指导学生用iPad，以及集体奖励用语，感觉很有力,1
2063,练习活动有层次：从造句到问答到师生情景对话到生生情景对话,1
2064,使用指令管理课堂，在小学是比较有效的策略。用指令控制学生对平板的使用，避免失控,1
2065,使用Mind map等技术，学生能更好展现自己的创造力。每个学生的活动参与度更高。用阅读笔记工具，培养学生阅读策略。,1
2066,运用ipad进行跟读阅读并做题，很方便。 教师指令清晰，课堂纪律管理到位。学生有很多听说练习的机会，课堂气氛活跃。,1
2067,课堂规则，结合实际，给例句支持，及时练习,1
2068,通过猜谜语的方式导入新课，提高学生的学习兴趣,1
2069,宋老师课件制作精美，准备充分，全课程贯穿风娃娃的主线，为学生营造一个生动的童话环境，比较符合孩子的认知，很好的将学生注意力引入课堂,1
2070,课堂指令明确，在布置任务前给学生明确的任务指令，可以高效利用课堂时间。,1
2071,结构完整，思路清晰，成功的一节课,1
2072,适时引入多媒体工具，如听课文录音、动画演示生字的结构与书写顺序等,1
2073,注重引导学生采用多种识字方法识记生字,1
2074,书写指导：四会字的书写指导扎实高效，尤其注重引导学生观察字形、生字的迁移运用能力,1
2075,拓展阅读材料符合课时目标，篇目合理，并体现层次性。,1
2076,课程内容环环相扣，讲课过程很流畅，在扩展写作环节引导的很好，让不会写的孩子也能写出东西来。,1
2077,老师非常有亲和力，在导入和识字环节非常棒。,1
2078,以猜谜语方式导入，激发学生的积极性，提高学生兴趣。,1
2079,运用多种识字方法认识生字。,1
2080,课件上有对每个环节的具体要求，板书设计很好，帮助学生理解课文。,1
2081,拓展写作部分，教师设计的很好，有提示有指导。,1
2082,211跨越式时间分配有待提升，宋老师在课堂教学过程中由于在二会字与四会字教学占用时间较长，导致课堂时间略显拖沓,1
2083,写字环节有重复,1
2084,讲解生字的时候，让学生挑自己认为难学的字进行讲解，将生字放在课文中，举了两句话，有些少。,1
2085,采用宇航员的太空生活视频创设了真实的学习情境，建立知识与情境之间的联系。,1
2086,设计了清晰具体的写话支架与写话题目，符合课时目标，便于学生写话。,1
2087,教师的教学环节清晰。,1
2088,视频导入，激发学生兴趣。,1
2089,写话设计开放性考虑全面。,1
2090,板书设计简洁美观，课件制作精美,1
2091,视频导入激发学生学习兴趣,1
2092,偏旁识字方法将生字归类，板书简洁美观,1
2093,教师语言具有亲和力，交流识字方法用到了思维导图,1
2094,基本达成教学目标，符合211模式对第一课时的教学要求，教学过程非常流畅，充分使用多媒体资源创设情境。,1
2095,环节设置分明，照顾到了不同层次的学生,1
2096,朗读方法指导欠缺。,1
2097,学生高阶思维能力培养不足，提问多是理解和识记层面的问题。,1
2098,课堂气氛是否可以再调动,1
2099,生字教学与课文阅读环节不要穿插,1
2100,语言运用环节，学生说的有点少，展示的机会不多,1
2101,微课视频播放使学生进一步对知识生成一个系统认识，再通过思维导图进一步加深对知识系统理解,1
2102,过程设计由易到难，梯度适当,1
2103, 复习课思路非常清晰，由基础知识到迁移应用，由知识到思维方法，引导学生由双基过渡到四基，核心关注基本思维基本经验,1
2104,教学过程体现以学生为主体，学生基础扎实，能够积极主动参与，教师能够给学生充分的时间进行思考和练习，敢于放手,1
2105,非常扎实的一节课，基础知识和基本技能落实的很好，教师的教学分析到位，对学生的分析到位，同时能够渗透思维方式的建立和培养，体现了双主的教学理念,1
2106,教学设计好，教学流程清楚，环节紧凑、流畅,1
2107,知识梳理清晰，使用思维导图的形式，让学生从整体、系统的角度掌握复习要点,1
2108,教学定位准确，设计的习题有效的利用数形结合思想唤醒学生的记忆,1
2109,黄老师上课不慌不忙，教态自然，个人基本功非常扎实,1
2110,与学生的沟通恰到好处，并且里用手机拍摄学生作业，完成师生互动，实现以学生为主体的目的,1
2111,教师教学设计合理，问题设置有效，媒体技术应用熟练,1
2112,用视频播放总结本节课重点知识点，系统直观，调动学习积极性,1
2113,课前让学生画思维导图，有助于学生更加系统地掌握本节课知识和各个知识点之间的联系。,1
2114,在教学过程中注意思维方法的渗透。,1
2115,能中分析和解决问题学生做的很好，但是发现和提出问题稍显不足，培养学生的问题意识，教师可以通过你有什么问题吗？,0
2116,时间组织上欠佳,0
2117,教师基本功扎实，重难点突出，教学内容设计由浅入深，环节层层递进，学生学习兴趣浓厚，师生互动好，学生学习效果好。,1
2118,教学活动扎实，微课活动有效,1
2119,张老师教态较好，课文讲解贯穿there's…it's…句型，学生练习到位,1
2120,对所有新授内容学生两两交际部分是本节课的一大亮点。,1
2121,拓展听读环节 3.there is和 there are讲解渗透的比较到位！,1
2122,创设了真实的情景，语音的渗入是本课的一个亮点，思维导图呈现本课的内容。,1
2123,设计适合，符合学情，层层递进，有简到难，代入式的引导学生，学生输入到输出做的很好。,1
2124,紧紧围绕课文照片进行大量的练习。课本的挖掘到位。课件激发学生兴趣，和求知欲。,1
2125,张老师注重每个环节设计自然、连贯，环环相扣，课一开始，与学生的chant. ,1
2126, 简单的动作引出本课的关键句式，孩子们就很好的学会了如何说以及如何用，孩子们在老师的引导下，大胆的表达，自然的交流，课堂气氛活跃，培养学生的学习兴趣,1
2127,两两对话，课堂情景比较单一,0
2128,说话支架设计，建议给出支架让学生填空，而不是学生看图说话,0
2129,识字方法多样：数笔画数、联想创造、加偏旁、拆字法、猜谜语等。,1
2130,征老师在课堂氛围良好，学生回答问题的积极性高，与老师的互动密切,1
2131,征老师在识字时贯穿字理识字、联想识字等方法，帮助学生通过多种方法认识生字。,1
2132,识字形式多样，教给学生记字方法，引导生自主识字认字。,1
2133,识字方法多样，评价语丰富,1
2134,游戏激趣导入，调动学生兴趣，自然引出“尾巴”。,1
2135,识字方法多样，先引导学生知道方法，然后来识记。先出示词语，字不离词，然后出示单个字，再出示词语来读。写字指导到位。,1
2136,征老师在学习字形时通过多种方法认识生字，但重点不突出，建议可以有效把握本节课的重点字，进行精减,0
2137,正确流利朗读课文的目标没有落实，学生读文缺少练习机会。,0
2138,识字教学可以减少识字数量，同一个字反复在不同教学环节中认识。,0
2139,应该由学生说出自己答案的原因而不是老师代劳,0
2140,大量的图文资料，启发引导讨论多种方法并用，学生参与度高，一节挺精彩的课,1
2141,视频资料新颖 问题层层深入,1
2142,以生活情境导入，运用了问题式教学，让学生提出问题，进而分析解决问题，在此过程中提升了学生的综合思维和区域认知能力，也渗透了人地协调观。,1
2143,学生写之前可以先想一想，再动笔。,0
2144,以生为本，环环相扣，层层递进，让学生能够展开想象，拓展思维，乐于表达,1
2145,引入形式新颖；续写有框架，微信学生提供了模板等；充分体现了学生为主体。,1
2146,导入三只小猪很新颖，孩子们很喜欢，趣字的引入很自然。,1
2147,教师调动学生学习兴趣，学生紧跟教师思维。放手时将课堂交给学生，学生自主感受，有感而发，书写感受。,1
2148,设计内容合理，教学方法多样，手段合理有效，信息化教学熟练。,1
2149,课堂有教师演示实验，学生动手实验，有微课，课堂整体生动、有趣、丰富！,1
2150,利用学生有问题的习题引课，逐步解决，效果明显，符合学生认知,1
2151,课堂实验合理，效果明显,1
2152,充分调动学生去参与，活跃课堂气氛，让学生成为课堂主人,1
2153,信息技术引用合理，恰到好处。,1
2154,重难点突出，利用小实验微课突破了重难点，教师教态自然，有很好的亲和力，引领学生自信成长！,1
2155,注重学生探究能力的培养，中国传统文化进课堂，学生的爱国情怀民族自信培养,1
2156,抓住了学生识字的特点，课件的制作直观形象。,1
2157,多媒体使用激发了学生对儿歌的喜欢和创编儿歌的兴趣。,1
2158,教学步骤清晰，识字、阅读、写话时间分配合理，符合本课的教学内容。,1
2159,教学设计体现学生主体，教师主导的教学理念。教师能关注学生的学习状态。,1
2160,能够使用ppt辅助教学，课件制作精美,1
2161,语言生动、适应学生年龄及课堂特点,1
2162,课内外拓展内容较多，有课外朗读内容 ,1
2163,识字、写字重难点突出,1
2164,环节设计紧凑，学练形式多样，指导扎实到位,1
2165,运用多种识字法认识生字，培养学生运用识字方法的能力,1
2166,对迷和网的讲解落实到位，从字的间架结构、重难写的笔画重点突破,1
2167,在拓展阅读和写话环节注重对学生个性化的引导，及时对学生给予反馈。,1
2168,教师采用儿歌的形式导入，极大地引起了学生的兴趣，技术的使用很好地展现了课文内容，课堂节奏紧凑，学生参与度很高,1
2169,环节紧凑，识字写字落实到位，写话练习引导到位！步步递进，学生创作有心意！,1
2170,课堂气氛活跃，教师备课充分，都是学生喜闻乐见的教学形式，充分调动了学生的积极性，学生的学习热情很高！,1
2171,抓住了学生识字的特点，课件的制作直观形象。,1
2172,课间精美环节过渡自然识字教学扎实,1
2173,课外阅读的实效性，读了，那作用在哪儿，是否落实到实效。,0
2174,课文的阅读次数有点多，写话部分内容是否是为识字课的教学目标服务的？,0
2175,生字指导时过于简单,0
2176,减少课文阅读次数，写话部分改为识字课内容,0
2177,课堂气氛融洽，学生积极性高，老师引导的非常好。通过让学生吹气，喊号子，感受课文中的各种情绪。,1
2178,课文分析非常有趣并且具体到位，师语言幽默生动。,1
2179,有游戏环节，激发学生的兴趣。课件制作的十分生动和精美。课外阅读有分类，写话环节设计的很好。,1
2180,李老师的教学经验丰富，在课文教学的过程中训练孩子们的语言运用能力，为后面的写话打下坚实的基础,1
2181,通过关键词句的重点讲解，带领学生体会文章的内容，感悟帮助别人要掌握分寸的道理,1
2182,通过游戏教学，极大调动学生的学习积极性。,1
2183,课堂气氛活跃，层层递进，可以看到老师的，写话设计设计的很好,1
2184,教师，运用生动的语言给孩子分析课文，在拓展阅读时候运用了课文链接和课外链接，快乐写作时候分层教学非常不错。,1
2185,课堂气氛活跃，层层递进，可以看到老师的，写话设计设计的很好,1
2186,课堂环节紧凑，在课堂中通过玩多种小游戏激发学生学习兴趣，将学生轻松带入课堂。,1
2187,写话环节，给学生三个片段，给学生足够的支架，让学生有话可写,1
2188,20分钟新授课时间把控很好，10分钟阅读时间稍长 授课老师过渡自然，环节与环节之间衔接紧密 课堂评价作用很好,1
2189,课时目标的达成，含朗读与情感目标的深化达成,1
2190,较好地体现了信息技术工具与学科教学的有机融合，如抢答游戏、随机点名技术等,1
2191,拓展阅读材料整合了课内与课外的资源，符合课时目标，类型丰富，较好地深化了课文的情感目标。,1
2192,写话题目设计巧妙（续写课文），并设计了层层递进的写话支架与情境，开阔了学生的视野。,1
2193,学生气氛过于活跃，最后的时候好几个同学不太好控制了,0
2194,玩游戏环节课堂秩序有些混乱，应该运用课堂口令来保持课堂良好的秩序。留给最后写话的时间有些短。,0
2195,拓展阅读的是不是有一点多？,0
2196,创设情境，教师在本节课中创设了与学生生活紧密结合的情境，并运用视频拓宽学生视野,1
2197,提问设计，设计层次清晰的教学问题，并注重启发学生思考,1
2198,写话情境创设与写话题目设计符合课时目标：创设“太空小导游”的情境，引导学生写话；教师给出写话支架，并先示范写一段，再引导学生同桌先说说。,1
2199,课堂思路基本清晰,1
2200,教学中采用先扶后放的思想，培养了学生自主学习的能力,1
2201,通过视频，图片，联系实际，感情读等手段感受太空生活的有趣。,1
2202,教师教学中提问的问题层次性较好。,1
2203,教学环节清晰，注重朗读指导。,1
2204,写话问题设计具有情景性，激发学生的生活思考,1
2205,写话给了支架，同时是对课文的回顾复习 跨越式211模式运用熟练,1
2206,教师讲课环节紧凑，尤其拓展写作环节，能够激发学生兴趣，调动课堂气氛。,1
2207,利用小组学习的方式，自学段落，体现学生在课堂上的主体地位,1
2208,拓展阅读环节时间分配不足，建议调整整合课文学习部分的个别环节,0
2209,小组合作学习未落到实处，只是设计了同桌合作的环节，但未引导学生开展合作。,0
2210,教师在指导学习第二段时，方法的指导是否到位？学生的主体地位是否得到了重视？,0
2211,关于失重可以补充一些背景性知识，问题的层次性有待改进,0
2212,本课教学基本流畅，但是对目标的实现还不是很到位。如精读感悟部分要让学生充分的读，不要用教师的讲解代替学生在读中的感悟！教师要留给学生思考和感悟的时间。,0
2213,充分体现学生主体地位，设置有效的学生互动，以小组形式展开学习,1
2214,课堂评价反馈过于简单，建议给执教老师的建议再具有针对性些,0
2215,跨越式教学模式熟练运用，学生积极加入课堂学习，课堂参与度高,1
2216,学生自由朗读和分组教学有助于学生创新思维的培养，通过拓展听读和写话练习，巩固和深化了学习目标,1
2217,教师利用问题引发学生对课文的思考从而整体把握课文。 学生和教师讨论交流的交互性值得借鉴。 教师给学生留有课堂思考时间。,1
2218,这节课基本体现了211的教学理念，注重培养学生的语言运用能力,1
2219,创设了与学生生活紧密结合的教学情境，引导学生深入理解课文内容，如赵州桥与教室的对比,1
2220,拓展阅读环节材料的选择符合课时目标，处理得当，时间分配合理。,1
2221,教师基本功扎实，引导到位。,1
2222,教学目标基本完成，并能给学生提供相应的拓展阅读材料，拓展课堂深度和广度，体现以语言文字运用为中心，教师主导、学生主体，识读写三位一体的教学理念。,1
2223,教师语言处理的干脆，能够抓住目标，更多是提问学生,1
2224,.问题设置合理，层层递进,1
2225,充分利用多媒体创设情景良好,1
2226,直指中心思想，从雄伟，坚固，美观三个方面解释了赵州桥为何世界闻名。 ,1
2227,学生分组讨论，课堂活跃，图文并貌，增强学生学习兴趣和获得感。,1
2228,在课程中要注意找合适的学生的回答示范，不要过多的找不同的人回答同一个问题，浪费课堂时间,1
2229,学习活动设计的层次性方面，教学中各个活动间层次不清晰，重复,0
2230,写话设计方面，写话题目过于简单,0
2231,情感目标的深化有待加强,0
2232,支架呈现的时机，例如表格应在小组合作之前呈现。 教学重点的把握，例如有的…有的…还有的…对于三年级学生来说是否需要课上重点讲解值得商榷。,0
2233,学生学习时间较少，老师引导过多,0
2234,有学生积极举手，可能课堂上无法兼顾很多学生,0
2235,教学方式只有提问教学，有些学生积极性很高，但是没有被教师注意到,0
2236,教师创设学生熟悉的学习情境，运用绘本搭建学生学习的平台，为新课的学习做了很好的铺垫。,1
2237,教学中能做到听说读写结合，创设语言情景，搭建语言支架，词汇与目标语言学习，字不离词，词不离句，句不离篇。,1
2238,运用多媒体辅助教学，尤其是让学生实际操作了平板电脑。这样的课堂整体互动性强，学生参与比率大幅提高。,1
2239,活动设计新颖有趣，过渡自然。教学多媒体信息技术运用熟练,1
2240,导入环节，复习旧知，趣味性很到位,1
2241,通过填空和图片形式给出支架，学习句型，思路很好,1
2242,敢于尝试，信息技术素养较高，可以继续优化技术的运用方法，关键是促进学习,1
2243,设计形式多样任务丰富的教学任务，孩子有许多操练口语的方式。课件精美。,1
2244,本课教师教学环节清晰，层层递进，重难点突出，文本内容学习扎实，有效应用信息技术辅助英语教学。,1
2245,李老师教态较好，在课堂教学中使用爬楼梯激励学生,1
2246,课堂上有效的调动了学生的学习积极性，课堂氛围很好，新句型there is 讲的很透彻。,1
2247,从学生的已知出发，再引出新知，这种方式能很好的调动学生的思维，很自然的交流，本课的创新亮点是结合There's 句型，和复合词的学习上，如There is a school.,1
2248,学生对句型理解不够，单词教授活动可以更加丰富,0
2249,两两对话活动设计较少，学生输出不够 ,0
2250,多媒体声音较小，在播放示范时候，后面学生听不清楚，影响跟读效果,0
2251, 班额较大，需要多关注后三排的学生，运用平板进行match后的教学管理需要优化。第一，没有组织学生一起看屏幕。第二，match后的教学环节需要优化,0
2252,课堂参与度有限,0
2253,进度较快，需要进一步实践，描述海陆变迁。 课时紧张，要理解和讲清道理。,0
2254,板块构造学说的观点是否需要小结,0
2255,问题设计逐层递进，设计有梯度,1
2256,学生交流充分，给予更多等待思考的时间,1
2257,重视对学生的思维训练，科学严谨的逻辑思考方式。,1
2258,注重地理学法的指导和学生地理思维培养 学习资料丰富,1
2259,拓展听读材料的选择，趣味性，内容，教学活动，时间，输入和输出量,1
2260,老师教态自然，声音洪亮，肢体语言丰富。注重学生听课常规。 教学环节环环相扣，又简到难，能激发学生求知欲。,1
2261,目标明确，活动设计符合学生年龄段特点，特别是练习活动，有信息差，绘本教学激发了学生趣味，学习模仿效果好。,1
2262,本节课教师通过师生对话，生生对话巩固学习本节课的重点句型，在拓展视听环节运用绘本故事教学进一步巩固学习了“what’ this?”句型，激发了学生学习英语的兴趣，这也是本节课的一个亮点。,1
2263,本课的重点句型单词呈现，操练是否到位？,0
2264,在学习behind后是否可以加上一组pairwork，让学生有一定时间进行练习？进入文本前的新授时间和课文教学的时间分配是否可以结合一下？另外打印在纸上的材料似乎有些不太清晰。,0
2265,拓展环节学生展示效果不好，需要改进。,0
2266,教与学的环节设计科学合理，可操作兴强。热身环节采用学生喜欢的方式，并且其内容与本节课的教学高度切合，营造了很好的氛围，又为新课做了很好的的铺垫。,1
2267,引入环节之后设计了操练和练习环节，非常有利于学生的学习。,1
2268,张老师通过让学生用自己的英语书和钢笔摆放位置的不同体会介词in和under。通过白板课件动画操作让学生直观学习介词in，on，under。新课导入是一个亮点，既引出了介词behind，又给孩子设置了一个悬念。环节上下衔接自然，充分体现情景教学模式在课堂教学中的应用。,1
2269,拓展听读素材的选择在难度上和形式上都与本课内容相符，在开展的过程中，时间和数量上都得到了保证。,1
2270,重难点突出，设计教学活动灵活多样，各环节过渡自然，整堂课融会贯通，由浅入深，层层递进，学生完全调动起来，师生对话，生生输出都恰到好处。拓展环节做的也比较好。,1
2271,教学重难点突出。通过视频图片，设计真实性的，情境性的问题，充分调动学生的积极性。,1
2272,教学设计紧密联系学生实际，有梯度，符合学生认知规律。激发学生学习兴趣，教学效果很好。,1
2273,教学重难点突出。通过视频图片，设计真实性的，情境性的问题，充分调动学生的积极性。,1
2274,老师语言生动有趣，课堂活跃。,1
2275,老师语言生动有趣，课堂气氛较好。,1
2276,体现新“素问”理念，教师能根据文章的特产，结合学生的年龄特点，图文对照学习课文，理清文章的脉络。课堂体现了大语文观，既有拓展阅读，也鼓励孩子们根据地域特点，寻找身边的冬天，使学生了解自己的生活环境。课堂上，学生能在老师的指引下，有效地参与学习，课堂气氛活跃。,1
2277,语言抑扬顿挫，能很好带动学生情绪 气氛活跃 引导学生自主学习，教师纠错 注重学生习惯培养,1
2278,刘老师能按照我们“新素问”的课堂模式开展课堂教学，教学目标明确，重难点突出，刘老师带的班级课堂常规很规范，从学生读书、写字、小组讨论，可以看出刘老师在抓课堂常规方面下了很大的功夫。这一节课的亮点，我觉得是让学生当小老师一部分，我被那小老师自信的教学所感动了,1
2279,通过关键词的讲解指导学生有感情的朗读课文，对学生的朗读进行及时反馈,1
2280,教师教学语言具有很强的渲染力、感染力，很好地熏陶学生感受文章表达的情感。,1
2281,运用了多种朗读的形式，示范读、学生个别读、合作朗读等。,1
2282,老师的课堂感染性非常强，把学生带入一种真实的情境中，即语文的文具性和人文性表现的淋漓尽致,1
2283,学生自由朗读、感受时间较少，建议增加自由练习时间。,0
2284,课堂教学目标设置的梯度不明显,0
2285,对于动物的讲解深入浅出，通过提问促进学生对动物展开讨论、培养学生对小动物的热爱,1
2286,王老师的课堂代入感很强，学生配合度高，课堂效率高,1
2287,教师注重指导学生观察书本，了解动物的特点。通过讲解，激发学生对小动物的喜爱和敬佩，然后练习有感情的朗读。朗读形式多样。,1
2288,教师采用图片导入，激发起学生的兴趣。课上能针对学生的回答及时反馈，并进行有针对性的评价,1
2289,课堂教学环节紧凑，问题富有梯度。师能调动学生兴趣，很好的引导学生。拓展内容丰富。编写儿歌指导到位，层层深入。,1
2290,拓展写话的图片支架是否限制学生的思维？,0
2291,写话内容和第一课时重复,0
2292,学法指导是否应该有一个先引领学，再到扶到放的过程。,0
2293,第二课时的内容和目标到底怎么设置？剩余的字，为什么没有教？是否按儿歌的句式创编？,0
2294,两个课时的写话内容应该不一样。识字写字应该有所体现。,0
2295,教师注重学生日常规范训练，注重基础知识教学，通过课文学会写书信,1
2296,课堂流程完整，环节比较清晰，教师讲解较清晰。,1
2297,略读课文，是否讲的过于详细,0
2298,关键词可不可以让学生合作交流找出，并利用关键词概括信的主要内容,0
2299,对学时设置的问题是否太多 独学能思考出来的问题是否要用对学解决,0
2300,全部指名回答举手学生是否会露掉学困生,0
2301,进行教学设计时，应该注意时长。,0
2302,儿歌循环次数是不是可以适当减少？,0
2303,二会字和四会字中间加入读课文，并且学习课文内容有点乱。,0
2304,前面的时间稍微长，阅读时间短。,0
2305,学生写字的时候老师没有强调三个一坐姿。,0
2306,评价形式比较单一,0
2307,二年级还需要再说哪些字是前鼻音，后鼻音，翘舌音，平舌音吗？,0
2308,对跨越式211模式的教学时间掌握有待提升，生字教学时间过长导致拓展阅读的和拓展写作的时间不够。,0
2309,课堂缺乏设计感，活动较少，学生的自主性没有充分调动起来。,0
2310,在拓展写话时对学生的思维拓展不够深入，没有让学生熟悉写话要用到的词语就开始写话。,0
2311,拓展阅读材料的数量不足，时间分配不足，建议选择6篇左右的拓展材料,0
2312,建议教师反馈时，采用集中反馈、个别指导的方式，不宜在学生集体写话时打断学生的思路。,0
2313,写话题目和支架设计方面，教师的写话要求要尽量放在学生写之前，搭建写话支架。,0
2314,生字的教学能不能再有趣些,0
2315,时间把控有待考虑,0
2316,以儿歌的形式导入，比较吸引学生的注意力。重难点比较突出。读课文之前，把要求明确的告诉学生，学生能带着问题读课文。在讲多音字的时候不仅组词，并且把多音字带入到句子中，让学生读一读，加深理解。,1
2317,能利用多媒体辅助教学，为学习做了很好铺垫。教学设计思路清晰。教学目标达成。,1
2318,音乐导入激发学生的学习兴趣,1
2319,吕老师的课堂指令良好，教态良好，课堂秩序井然有序，对于课堂的把控较好。 ,1
2320,在学生描一写一的过程中对学生的指导到位，可以根据本班学生的学情及时指正学生在书写过程中的错误。,1
2321,认读生字词的活动设计层层递进，同时引导学生采用多种识字方法识字,1
2322, 写字活动的设计具有层次性,1
2323, 注重培养学生的行为坐姿，引导学生养成良好的行为习惯,1
2324,视频导入吸引学生注意力 老师教态自然大方,1
2325,以学生为主体，有点老师抓的太多。应在大胆的放手,0
2326,课堂常规好，环节环环相扣，课堂气氛活跃，教师讲解清楚。,1
2327,对于动物的讲解深入浅出，通过提问促进学生对动物展开讨论、培养学生对小动物的热爱,1
2328,通过课文讲解很好的落实背诵课文的教学目标,1
2329,教师注重指导学生观察书本，了解动物的特点。通过讲解，激发学生对小动物的喜爱和敬佩，然后练习有感情的朗读。朗读形式多样。,1
2330,教师采用图片导入，激发起学生的兴趣。课上能针对学生的回答及时反馈，并进行有针对性的评价,1
2331,写话支架好，先看图，再出示关键词，谁在什么地方干什么？,1
2332,课堂教学环节紧凑，问题富有梯度。师能调动学生兴趣，很好的引导学生。拓展内容丰富。编写儿歌指导到位，层层深入。,1
2333,如何提高课堂提问的有效性？拓展写话的图片支架是否限制学生的思维？,0
2334,写话内容和第一课时重复,0
2335,教师引导理解课文时，应该启发学生说。,0
2336,课文理解是不是过多,0
2337,学法指导是否应该有一个先引领学，再到扶到放的过程。,0
2338,第二课时的内容和目标到底怎么设置？剩余的字，为什么没有教？是否按儿歌的句式创编？,0
2339,两个课时的写话内容应该不一样。识字写字应该有所体现。,1
2340,以儿歌的形式导入，比较吸引学生的注意力。重难点比较突出。读课文之前，把要求明确的告诉学生，学生能带着问题读课文。在讲多音字的时候不仅组词，并且把多音字带入到句子中，让学生读一读，加深理解。,1
2341,能利用多媒体辅助教学，为学习做了很好铺垫。教学设计思路清晰。教学目标达成。,1
2342,音乐导入激发学生的学习兴趣,1
2343,吕老师的课堂指令良好，教态良好，课堂秩序井然有序，对于课堂的把控较好。,1
2344,在学生描一写一的过程中对学生的指导到位，可以根据本班学生的学情及时指正学生在书写过程中的错误。,1
2345,认读生字词的活动设计层层递进，同时引导学生采用多种识字方法识字,1
2346,写字活动的设计具有层次性,1
2347,注重培养学生的行为坐姿，引导学生养成良好的行为习惯,1
2348,课堂紧凑，思路清晰流畅,1
2349,视频导入吸引学生注意力 老师教态自然大方,1
2350,儿歌循环次数是不是可以适当减少？,0
2351,二会字和四会字中间加入读课文，并且学习课文内容有点乱。,0
2352,前面的时间稍微长，阅读时间短。,0
2353,学生写字的时候老师没有强调三个一坐姿。,0
2354,评价形式比较单一,0
2355,二年级还需要再说哪些字是前鼻音，后鼻音，翘舌音，平舌音吗？,0
2356,对跨越式211模式的教学时间掌握有待提升，生字教学时间过长导致拓展阅读的和拓展写作的时间不够。,0
2357,课堂缺乏设计感，活动较少，学生的自主性没有充分调动起来。,0
2358,在拓展写话时对学生的思维拓展不够深入，没有让学生熟悉写话要用到的词语就开始写话。,0
2359,拓展阅读材料的数量不足，时间分配不足，建议选择6篇左右的拓展材料,0
2360,建议教师反馈时，采用集中反馈、个别指导的方式，不宜在学生集体写话时打断学生的思路。,0
2361,写话题目和支架设计方面，教师的写话要求要尽量放在学生写之前，搭建写话支架。,0
2362,生字的教学能不能再有趣些,0
2363,时间把控有待考虑,0
2364,设置多样的问题激发学生的学习兴趣，通过层次性的提问将学生对于《小王子》这本书的好奇心逐渐调动起来，增强学生的参与感,1
2365,设计小组合作的活动，锻炼学生的组织合作能力，让学生在合作中学会分享并加深对书本的理解。,1
2366,合理利用学生的初始阅读背景。例如教师在封面环节请未读本书学生回答；整体感知文章环节请部分已读本书学生回答，很好地帮助未读学生了解本书内容，引发学生学习兴趣与积极性,1
2367,汇报安排合理。请1组学生汇报，其他小组学生补充，合理节约汇报时间。,1
2368,善用图片激发学生思维。多次呈现图片引发学生想象、思考。,1
2369,整堂课教学环节紧凑，过渡自然。,1
2370,教师非常注重学生的个性化发展，能够充分让学生思考与表达，给予充分时间让学生分享与交流。,1
2371,从关键词猜测童话故事，到引入阅读方法，再到重点阅读童话部分内容，学生不仅加深和丰富了对童话故事本身的理解，还包括对阅读方法的理解和渗透以及与本书其它背景性资料的拓展。,1
2372,合作学习任务清晰明确，支架设计符合学生的认知特点,1
2373,注重培养学生的合作学习能力，引导学生学习阅读整本书的方法,1
2374,引导学生总结阅读整本书的方法与策略，并迁移运用到后面章节的阅读中,1
2375,体现教师主导与学生主体的理念。,1
2376,引导学生进行小组之间的互相补充，重视学生之间的互相评价,1
2377,学生阅读的习惯良好，能够速度，快速提取内容信息。 ,1
2378,学生能从不同角度理解作者，教师补充讲解，学生深入理解背景。 ,1
2379,为学生提供适当的拓展阅读内容，引导学生深入理解作者及所处的时代背景。,1
2380,引导学生想象，培养和鼓励学生的想象能力。 ,1
2381,引导学生联系实际生活。,1
2382,教师具有扎实的语文学科知识基础，教学环节设计清晰，以学生为中心,1
2383,利用恰当的教学策略突破重难点，引导学生了解文本内容，总结阅读整本书的方法，激发学生阅读兴趣,1
2384,教师提出恰当有层次的教学问题并引导学生质疑,1
2385,教师主导学生主体作用的发挥，王老师更多的是引导学生去思考，去想象，给予学生很多思考的空间。,1
2386,教师引导学生自己分析出小王子这本书被多个出版社出版的原因。发挥了学生的主动性。,1
2387,通过猜童话激发学生的阅读兴趣，通过小组合作了解书的阅读方法，通过图片了解故事大意激发阅读兴趣,1
2388,是否重视和培养阅读笔记，促进深度阅读和反思交流。,0
2389,学生声音较低，课堂气氛不够活跃,0
2390,是否可以适当将阅读方法或者了解童话书的梗概的内容，在经过讨论交流后板书？,0
2391,需要在调动学生学习氛围方面进行改进,0
2392,前半部分的思想内容较难理解，可否再深入一些,0
2393,目标明确，详略得当。 采取史料实证，易于学生理解与记忆，提高了学生史料实证能力。 通过分析理学影响，有利于提升学生的家国情怀。,1
2394,结构清晰内容讲解详细，材料选取合理，讲解针对学生问题来展开，实效性强，创设情景，引导学生思维，教学目标明确。,1
2395,理学的背景和内容讲的特别好 尤其是与佛教、道教的联系，理学内容的内在逻辑关系，通俗易懂、深入浅出，精炼到位，给人耳目一新之感，学起来很轻松 史料选取精当，分析理解好 师生的交流顺畅，学生的理解思维非常好 教学内容处理，重点突出，详略得当，内容丰富且轻松,1
2396,教师注重引导学生进行自评、生生互评等多种评价方式,1
2397,注重学生对材料史实的分析能力的培养，帮助学生拟请分析方法。,1
2398,详略得当，重点突出，有针对性，学生活动充分，既有深度，引发思考，又能注重学生落实。,1
2399,针对学生问题，详略得当，对教材有整和。有学法知道，思维过程呈现。史料比较精当，有问题设计，有助于学生理解教学难点。时间轴和表格使用较好，可以节约时间，复杂问题简单化，有助于学生理解。,1
2400,材料准备非常充分，教师的讲授非常清楚，逻辑线很明确，整体课堂与学生的配合度很高。,1
2401,学习目标明确，学生主动性强，教师课堂引导到位，语言规范，板书设计合理整齐。整堂课环节完整流畅，题目设计有层次，学生积极思考探究，课堂气氛活跃。,1
2402,对符号语言要求高，注重培养学生发散性思维,1
2403,教师思路清晰，流畅，学生都能参与其中，每位学生都有所收获,1
2404,教师启发教学，给学生时间思考问题，主动培养学生的语言表达能力，课堂教学设计完成，体现了教与学相结合的教学过程,1
2405,充分发挥学生的主动性，在学生原有的知识上探究,1
2406,用一个基本事实证明另一个基本事实是否有必要,0
2407,在探究角边角判定方法时，应让学生完整感知叠合法，光看多媒体演示动画不足以体会基本事实的正确性。仅有例题示范，没有学生识图练习。,0
2408,边角边和角边角和一起学生是否会乱,0
2409,课堂是否多给学生思考问题的时间,0
2410,因材施教，教师能够考虑到不同学生的学习差异，设置分层教学，例如制作电子书环节按照难度选择适合自己的任务来完成。 ,1
2411,抓住三年级学生的认知规律，恰当运用歌曲歌谣，细微之处体现教师的课程设计能力，歌曲歌谣能够活跃课堂气氛，愉悦师生的心情 ，是小学课堂必不可少的调节剂,1
2412,教师具有扎实的基本功，具有很强的设计课的能力和驾驭课堂的能力，素质全面。首先板书精美 ，口语流利，教态自然，具备了扎实的基本功，教师是课堂教学的组织者，引导者，张老师流利的口语，规范的书写，富有激情的教态，给学生以积极的引领。,1
2413,教学基本功扎实，学生基础较好，和教师平时的引导密切相关。,1
2414,情景创设完整，贯穿整个课堂。适合低年级孩子的认知特点，有效激发了学生的兴趣，课堂氛围较为活跃。,1
2415,教学活动丰富，包含听说读写各个方面，教学环节流畅。,1
2416,在课堂中渗透情感价值观的教育，引导学生注意卫生清洁。,1
2417,引导学生改编歌曲，创新对话，没有停留在原来的对话中。,1
2418,老师富有激情，由情景导入本课，激发学生学习兴趣。,1
2419,学习新知过程由图片视频做引导，师生对话较多。,1
2420,把握课堂教学目标，对重点词组多次重复练习。给学生时间进行自主练习，学生与学生之间练习，巩固知识。鼓励学生回答问题。,1
2421,教师能够很好的将信息技术与英语学科教学融合，通过iPad设置了多种趣味练习游戏，并通过丰富的电子听读材料让学生自主练习，提高了教学效率也激发了学生学习兴趣，教师在使用技术后又让学生回归教材再次朗读，很好。,1
2422,本节课通过小组合作的方式进行口语交际练习，让每位学生都能进行交际。教师对于相关任务有详细的评价标准，整堂课教师能够落实本节课的词汇短语的教学目标，整体看较好,1
2423,课堂较为活跃，内容设计丰富,1
2424,精心准备，课件内容丰富，教学活动多样，教师基本功扎实，课堂指令和评价语规范，师生具备一定信息素养。,1
2425,教师能够改编教材，合理设计教学内容，创设较好的语言情景，体现了一定的分类分层教学理念。,1
2426,老师在讲解单词时先是让学生认读单词，再让学生游戏检验，这两个环节有点重复，建议老师仅保留游戏检验即可。,0
2427,教师领读，学生跟读的比较多，交际性有待加强，建议鼓励学生多说多表达。,0
2428,让学生用平板寻找丢失部位环节，这里花了较长时间让学生去拼写，建议让学生更多的去说，去听。,0
2429,学生练习是否太少？老师的提问技巧是否有效？,0
2430,教师的练习题小游戏设置的可以更有梯度些，否则有的学生做了很多遍,0
2431,部分环节课堂活跃后，课堂把控和学生注意力稍微不集中，学生精力有一定程度分散,0
2432,生生互动可以多一些；整体层次性不太突出，拓展雷听读材料可以丰富一下。,0
2433,老师创设的情景贯穿教学课堂，课堂气氛混乱，是否与教学重点相关？,0
2434,如何能够更好的利用制作电子书锻炼学生更多的能力，而不是简单停留在读和回答ok.要思考怎样能更好的使用技术提高课堂教学活动效率，而不是为了用一下。,0
2435,情景创设如何更完整一些。,0
2436,新授环节容量与有效性？新授时是否可以依次呈现相关概念图？,0
2437,进入文本时间太长，文本语境是最好的语境，从文本中识词，学习重点句型。,0
2438,学习完文本要让学生运用语言做事情，搭建支架，输出环节时间分配太少。,0
2439,学生语言输出环节，学生参与率略低。,0
2440,创设情景和肢体语言相结合，课堂氛围活跃。,1
2441,充分利用多媒体吸引学生兴趣，并且十分恰当,1
2442,创设语言情景，活动丰富多彩，适合年龄段学生特点，注重趣味性，教师语音语调标准。,1
2443,运用信息技术有效辅助英语教学，教师设计思路清晰，注重学生综合英语的提高。,1
2444,已经具备111教学模式的特点，教师能够熟练应用希沃白板，教学比较扎实，重难点较为突出。,1
2445,教学设计合理，利用游戏激发学生学习兴趣！设计由浅入深，学生练习有实效！,1
2446,在课文讲解过程中设置分角色朗读等多种朗读活动，以读促悟，加深学生对教学主题的理解 ,0
2447,教师指导学生朗读课文时，加入动作，有利于增强学生的感受，进而有利于学生有感情的朗读课文,1
2448,教师精神饱满，语言富有激情和感染力，适时有效地调整课堂进程和学生的听讲状态。,1
2449,有效调控教学时间，按照211模式进行，字词句段课文理解都能有效渗透。,1
2450,写话练习设计很精心，既落实到了笔头又渗透了爱护文具的习惯教育。,1
2451,教学思路清啪，教学设计符合211模式，教学叶间按排合理，整堂课有条不斈完成了教子任务。,1
2452,拓展阅读环节是否要汇报交流，测查，了解落实情况。,0
2453,本课用小实验和情景导入，重点内容采用学生探究实验的形式，学生自主性和参与度高。,1
2454,重视生活情境，将知识与实际生活联系。,1
2455,引导学生设计实验，并进行验证，重视实验的设计与实施过程，引导学生小结实验结论。,1
2456,完成教学目标，结构清晰，有条理，互动较多,1
2457,设计情境导入，引起学生兴趣，以实验为基础的出重力与质量的关系，锻炼学生的物理实践力,1
2458,利用丰富的生活实例及现象引导学生思考现象的原因。学生自主进行探究实验，展示学生实验计划的过程中，强调注意事项。,1
2459,情景导入 实验探究 章节授课 小组讨论结果展示 ，及时给予反馈,1
2460,教师通过不断引导和提问。让学生发现重力的概念和规律。通过实验和思考 学生对重力的认识不断加深。提出了研究问题让学生思考,1
2461,时间安排上，最后实验总结部分有点仓促。,0
2462,重视学生已有知识结构的调用，关于重力，你都知道什么，你还想知道什么，体现学生主体地位，教师主导地位过多。,0
2463,教师主导课堂较多，学生主动参与课堂较少，迁移能力未发挥,0
2464,认知方式采用整体到细节。该种认知方式有助于学生在了解全文基础上，进一步探究课文重点段落的含义。,1
2465,小组探究的问题具有梯度性。本课探究的内容聚焦一个问题“为什么称不可估量的损失”，教师先引导学生提出质疑或疑惑，再通过查找“从哪些方面描述”，引申到“根据资料，说说自己的理解”。,1
2466,教师能够运用思维导图进行梳理文章脉络 注重小组合作讨论,1
2467,主导主体模式体现的的非常明显，老师引导，学生自主学习,1
2468,小组协作学习分工明确，真正的落实学生在小组内的互相协作，真正的去共同完成一个活动。,1
2469,教师非常注重课堂上的朗读，通过多种朗读方式，以读促悟，帮助学生理解圆明园的毁灭所表达的思想情感。,1
2470,借助思维导图，梳理文章脉络，培养学生整体把握课文内容的能力,1
2471,小组运用汇报课外资料，课内外资料相结合，充分感受圆明园昔日的辉煌。,1
2472,重视小组合作，在学习过程中让学生体验了搜集资料的阅读方法，达到教学目标，同时使学生非常有兴趣。,1
2473,能以学生为中心展开教学。能鼓励学生表达自己搜集到的资料教师准备充分。,1
2474,有效组织多次的小组活动，学生能充分准备，积极参与。,1
2475,小组绘图后的评价。教师在评价思维导图时，都是从优点描述，是否需要增加不足方面评价，给出其他组学生修改的方向。,0
2476,导入环节太快，这篇文章是一个很好调动学生激情及爱国之情的。教师可以通过视频资料以及音频结合让学生能够更直观的更快速的导入情感 ,0
2477,在朗读知道上，老师的评价过于单一，教师可以让学生对于字音或者节奏的掌握,0
2478, 教师应当对于问题的提出有一定的有效性，逐步深入 朗读形式可以多样化 教师的声音太小 教学后半部部分的讨论点偏移 不应该是对这一句话反复的读而是应该对整个文章进行感悟 一波三折我没有共情的体悟到,0
2479,学生展示时间是否需要再压缩,0
2480,小组展示稍多，时间难以把控。,0
2481,注重培养学生自主学习与探究学习的能力，引导学生体验“角平分线性质定理”的证明过程,1
2482,采用几何画板工具形象地展示角平分线的性质定理,1
2483,设计层层递进的练习题，促进知识的迁移运用。,1
2484,教学思路清晰，目的明确，并通过一定的教学策略引导学生自主学习,1
2485,教学活动设计有效，如利用作图充分调用学生已有知识，利用证明过程引导学生规范数学语言，以及文字语言和数学语言之间的转换，如促进学生自我反思。,1
2486,重视对数学文本内容的有效提取，注重阅读策略的选取和实施，培养学生的主动阅读和提取信息的能力。,1
2487,练习时间较多，思路不明晰，教师全程主导课堂，学生活动较少,0
2488,教师主导过多，尽量多放手让学生交流探究质疑释疑，培养学生发现问题和提出问题的能力。,0
2489,是否需要将拓展试题进行点评，将学习内容更有梯度。,0
2490,对孩子用眼是否有影响？,0
2491,能充分运用信息技术进行课堂教学，起到游戏激趣、操作简便。,1
2492,老师很注重培养学生的思考习惯、逆向思维。,1
2493,充分运用信息技术，及时收集学情信息，解决学习难点,1
2494,探究过程循序渐进，由简到难；由加法算式转乘法算式的理解逐步提升难度，列出乘法算式、互换乘法算式，再到口诀的编制探究,1
2495,引导学生分析、归纳、总结。教师引导学生自己说一说发现，促进学生思考，发展学生的归纳推理能力。,1
2496,教师能够结合充分利用信息技术手段，提高教学效率，设置游戏调动学生积极性，通过问题的层层追问让学生不断思考不断理解。,1
2497,教师设置的游戏形式符合低年级学生的特点，吸引力十足。,1
2498,整体堂课课堂氛围活跃，教师准备充分，充分体现了信息技术与学科融合的高效性。,1
2499,能够根据学生的认知特点和学习风格设计教学流程，思路清晰,1
2500,使用ipad的方式上课，形式新颖，对激发学生的学习兴趣很有帮助,1
